id,created at (UTC),category,sub-category,user,type,status,district,circle,village,latitude,longitude,confirmation,Image link,remarks,How many times did you go to the facility until it was open?,What is the type of the road available to the facility?,How much distance should one travel from the facility to avail public transport facility? (Approx in K.M),What is the type of the mobile network available at the facility?,What are different Mobile network service providers available at the location of the unit?,What are different Mobile network service providers available at the location of the unit?,What are different Mobile network service providers available at the location of the unit?,What are different Mobile network service providers available at the location of the unit?,What are different Mobile network service providers available at the location of the unit?,What are different Mobile network service providers available at the location of the unit?,What is the type of structure of the facility?,What is the type of security available for the facility?,What are the working hours of the facility?(Ex: 9.00A.M-5.P.M),What are the working days of the facility?,How many staff are employed in the facility?,How many labour are employed in the facility?,Where do you get drinking water from for using at the facility?,How much do you pay per litre of bottled water?,Where do you get water for operational purposes for the facility?,What are the other source of water you depend upon?,Are there toilets available for public and employees' usage at the facility?,Are there toilets available seperately as per gender at the unit?,Is there running water available in the toilets at the unit?,Is there soap for handwash available at the unit?,How do you deal with the agricultural waste generated from the facility?,What are the other mechanism used to discard the waste from the unit?,Are the premises of facility cleaned with disinfectant regularly?,How frequently are the premises at the facility cleaned with disinfectant in a week?,Do you have grid connection for energy supply for the facility?,How many hours per day are you facing power cuts in the unit?,What is the alternative energy source available in the facility?,How many hours do you rely on the alternative energy source in a day for the unit?,How many hours do you rely on the alternative energy source in a day for the unit?,How many hours do you rely on the alternative energy source in a day for the unit?,How many hours do you rely on the alternative energy source in a day for the unit?,How many hours do you rely on the alternative energy source in a day for the unit?,How many hours do you rely on the alternative energy source in a day for the unit?,Is there landline connectivity for the facility?,What is the number with STD Code of the unit?,Does the facility have wired internet connection?,How much speed can you get through the broadband?(Test in speed test/other website)(Enter in MBPS),How do you maintain records for operations of the facility?,What are the other record mechanism used in the facility?,What are the areas the facility gets support from government agencies (not for your customers)?,Do you get any support from NGO(s) for the facility?,What is the name of the organization?,Are you using any digital technologies that can be used in the facility?,For what purpose are you using digital tools here at the unit?,Where do you procure inputs required for the facility?,What are other sources are used to get needed inputs?,What are different organic inputs available in the facility?,Where do you store the agri inputs sold in the shop?,What are the other storage mechanism used in the facility?,How many cubic meters are available for storage?,How does the facility advertise about the services available?,What is the average operational cost per month to run the facility?(Excluding Salary of the Employees),What is the total average income per month generated from the facility?,How many types of inputs are available in the facility?,What are the 5 major type of inputs purchased by the customers from the facility?,What is the average cost of the top 5 most purchased goods in facility?(In Rupees),Which type of customers purchase the inputs from the facility?,How many customers purchase the inputs from the facility in a year?,How do the customers transport goods from the facility?
3080,2019-04-29 08:20:22,Agriculture,Agriculture Input Shops/ Suppliers,taba rancho,Private,In Use,Papumpare,Doimukh,Lekha,27.09196,93.6192,Rejected,https://smartvillage.imagetrekk.com/storage/images/ZyxUtWLrBrWKxOnUB5d5PVzacmF43Os1Ov7Auud1.jpeg?asset_id=3080,good,8,Pakka Road,3,4G+ Reliable,"[""Vodafone"",""Airtel""]","[""Vodafone"",""Airtel""]","[""Vodafone"",""Airtel""]","[""Vodafone"",""Airtel""]","[""Vodafone"",""Airtel""]","[""Vodafone"",""Airtel""]","Kacha/Temporary(Wood,Bamboo,etc.,)","[""Others""]",13:0 to 0:0,"[""Monday "",""Tuesday"",""Wednesday"",""Thursday"",""Friday "",""Saturday""]",63,5,Tap Water from Government,,Water from Government,,Yes,Yes,Yes,Yes,Others,thro at a nallah,No,,Yes,2,Others,3,3,3,3,3,3,Yes,36024486732,Yes,0,Traditional Book Keeping,,"[""Others""]",No,,No,,Local Supplier,,"[""Fertilizers""]",Home,,3,"[""Marketing team\/ Sales Agents""]",5555,2000,65,cabbage,1-100,"[""Others""]",200,"[""Tempo\/Auto""]"
3373,2019-05-05 11:30:58,Agriculture,Agriculture Input Shops/ Suppliers,bullo tatung,Private,In Use,Lower Subansiri,Ziro,Hija,27.57994,93.86547,Rejected,https://smartvillage.imagetrekk.com/storage/images/cXX1bE7bAGs1yZJD3srlneX0WgzzXifnfQaIf5hX.jpeg?asset_id=3373,good,1,Kacha Road,2,2G Reliable,"[""Vodafone"",""BSNL"",""Airtel""]","[""Vodafone"",""BSNL"",""Airtel""]","[""Vodafone"",""BSNL"",""Airtel""]","[""Vodafone"",""BSNL"",""Airtel""]","[""Vodafone"",""BSNL"",""Airtel""]","[""Vodafone"",""BSNL"",""Airtel""]","Kacha/Temporary(Wood,Bamboo,etc.,)","[""None""]",5:0 to 5:0,"[""Sunday"",""Saturday"",""Friday "",""Thursday"",""Wednesday"",""Tuesday""]",1,2,Ground Water,,Ground Water,,No,,,,Burnt within the premises,,Yes,>7,No,,None,,,,,,,No,,No,,Traditional Book Keeping,,"[""None""]",No,,No,,Local Supplier,,"[""None""]",Private Godown/Warehouse,,36,"[""Others"",""Marketing team\/ Sales Agents""]",1000,5000,2,grain and maize,1-100,"[""Farmers""]",120,"[""Head Load""]"
4626,2019-05-11 09:54:10,Agriculture,Agriculture Input Shops/ Suppliers,taba rancho,Private,Ir-repairable,Papumpare,Toru,Kheel,27.21264,93.68668,Rejected,https://smartvillage.imagetrekk.com/storage/images/izo8OQwAPwex40IdpFFTnhCK8gXpLo80vswlLIaV.jpeg?asset_id=4626,bad,7,Kacha Road,1,4G+ Reliable,"[""Vodafone"",""BSNL"",""Airtel""]","[""Vodafone"",""BSNL"",""Airtel""]","[""Vodafone"",""BSNL"",""Airtel""]","[""Vodafone"",""BSNL"",""Airtel""]","[""Vodafone"",""BSNL"",""Airtel""]","[""Vodafone"",""BSNL"",""Airtel""]","Kacha/Temporary(Wood,Bamboo,etc.,)","[""Others"",""None""]",10:44 to 14:0,"[""Monday "",""Tuesday"",""Wednesday"",""Thursday"",""Friday "",""Saturday""]",0,0,Tap Water from Government,,Others,natural water,No,,,,Others,throw dustbin,Yes,5,No,,Others,1,1,1,1,1,1,No,,No,,Traditional Book Keeping,,"[""Others""]",No,,No,,Others,local,"[""Others""]",Home,,1,"[""Village Meeting ""]",100,20,5,greenchilli,1-100,"[""Others"",""Farmers""]",1,"[""Others""]"
4627,2019-05-11 09:54:40,Agriculture,Agriculture Input Shops/ Suppliers,taba rancho,Private,Ir-repairable,Papumpare,Toru,Kheel,27.21264,93.68668,Rejected,https://smartvillage.imagetrekk.com/storage/images/dbsXn8uQ4AyPMrmeUlppv2IuZpUUtrPN0Wp6oUTP.jpeg?asset_id=4627,bad,7,Kacha Road,1,4G+ Reliable,"[""Vodafone"",""BSNL"",""Airtel""]","[""Vodafone"",""BSNL"",""Airtel""]","[""Vodafone"",""BSNL"",""Airtel""]","[""Vodafone"",""BSNL"",""Airtel""]","[""Vodafone"",""BSNL"",""Airtel""]","[""Vodafone"",""BSNL"",""Airtel""]","Kacha/Temporary(Wood,Bamboo,etc.,)","[""Others"",""None""]",10:44 to 14:0,"[""Monday "",""Tuesday"",""Wednesday"",""Thursday"",""Friday "",""Saturday""]",0,0,Tap Water from Government,,Others,natural water,No,,,,Others,throw dustbin,Yes,5,No,,Others,1,1,1,1,1,1,No,,No,,Traditional Book Keeping,,"[""Others""]",No,,No,,Others,local,"[""Others""]",Home,,1,"[""Village Meeting ""]",100,20,5,greenchilli,1-100,"[""Others"",""Farmers""]",1,"[""Others""]"
4796,2019-05-11 18:16:23,Agriculture,Agriculture Input Shops/ Suppliers,tage tajung,Private,In Use,Lower Subansiri,Ziro,Modang Tage,27.57328,93.83061,Rejected,https://smartvillage.imagetrekk.com/storage/images/4crvrK3Oi2oAMsMmjQ8EY9CqCeJW7rOKpk6QlFJj.jpeg?asset_id=4796,Grenery house (Locally called Nesu Ude) no. (1),2,Footway,5,3G Unreliable,"[""Vodafone"",""BSNL"",""Airtel""]","[""Vodafone"",""BSNL"",""Airtel""]","[""Vodafone"",""BSNL"",""Airtel""]","[""Vodafone"",""BSNL"",""Airtel""]","[""Vodafone"",""BSNL"",""Airtel""]","[""Vodafone"",""BSNL"",""Airtel""]","Kacha/Temporary(Wood,Bamboo,etc.,)","[""None""]",9:0 to 5:0,"[""Monday "",""Tuesday"",""Wednesday"",""Thursday"",""Friday "",""Saturday""]",1,1,Tap Water from Government,,Water from Government,,No,,,,Burnt within the premises,,No,,Yes,2,Solar Unit,5,5,5,5,5,5,No,,No,,Traditional Book Keeping,,"[""Support via Schemes""]",No,,No,,Local Supplier,,"[""Fertilizers"",""Pesticides""]",Private Godown/Warehouse,,5,"[""Village Meeting ""]",10000,15000,3,"Rice, maize, vegetables and fruits",201-300,"[""Farmers"",""Others""]",5,"[""2 Wheeler"",""Tempo\/Auto"",""Sumo\/Tracker"",""Others""]"
4797,2019-05-11 18:16:34,Agriculture,Agriculture Input Shops/ Suppliers,tage tajung,Private,In Use,Lower Subansiri,Ziro,Modang Tage,27.57353,93.83029,Rejected,https://smartvillage.imagetrekk.com/storage/images/mhPqTSNNGorrlEKArrwfJpLh0JR8UPhr2ppfqi8e.jpeg?asset_id=4797,Grenery house (Locally called Nesu Ude) no. (2),2,Footway,5,3G Unreliable,"[""Vodafone"",""BSNL"",""Airtel""]","[""Vodafone"",""BSNL"",""Airtel""]","[""Vodafone"",""BSNL"",""Airtel""]","[""Vodafone"",""BSNL"",""Airtel""]","[""Vodafone"",""BSNL"",""Airtel""]","[""Vodafone"",""BSNL"",""Airtel""]","Kacha/Temporary(Wood,Bamboo,etc.,)","[""Others""]",9:0 to 5:0,"[""Monday "",""Tuesday"",""Wednesday"",""Thursday"",""Friday "",""Saturday""]",1,1,Tap Water from Government,,Water from Government,,No,,,,Burnt within the premises,,No,,Yes,2,Solar Unit,5,5,5,5,5,5,No,,No,,Traditional Book Keeping,,"[""Support via Schemes""]",No,,No,,Local Supplier,,"[""Fertilizers"",""Pesticides""]",Private Godown/Warehouse,,3,"[""Village Meeting ""]",10000,15000,5,"Rice, maize ,vegetables and fruits",201-300,"[""Farmers""]",5,"[""2 Wheeler"",""Tempo\/Auto"",""Sumo\/Tracker"",""Others""]"
4798,2019-05-11 18:16:46,Agriculture,Agriculture Input Shops/ Suppliers,tage tajung,Private,In Use,Lower Subansiri,Ziro,Modang Tage,27.57294,93.83087,Rejected,https://smartvillage.imagetrekk.com/storage/images/QeW4miM4pA2fwXegIA8a2E32e4Cel9e6GuFHZKTC.jpeg?asset_id=4798,The local grenery house ( Locally called Nesu Ude) No.3,2,Kacha Road,5,3G Unreliable,"[""Vodafone"",""BSNL"",""Airtel""]","[""Vodafone"",""BSNL"",""Airtel""]","[""Vodafone"",""BSNL"",""Airtel""]","[""Vodafone"",""BSNL"",""Airtel""]","[""Vodafone"",""BSNL"",""Airtel""]","[""Vodafone"",""BSNL"",""Airtel""]","Kacha/Temporary(Wood,Bamboo,etc.,)","[""None""]",9:0 to 5:0,"[""Monday "",""Tuesday"",""Wednesday"",""Thursday"",""Friday "",""Saturday""]",2,2,Tap Water from Government,,Water from Government,,No,,,,Burnt within the premises,,No,,Yes,2,Solar Unit,5,5,5,5,5,5,No,,No,,Traditional Book Keeping,,"[""Support via Schemes""]",No,,No,,Local Supplier,,"[""Fertilizers"",""Pesticides""]",Private Godown/Warehouse,,4,"[""Village Meeting ""]",10000,15000,5,"Rice, maize vegetables and fruits",201-300,"[""Farmers""]",5,"[""2 Wheeler"",""Tempo\/Auto"",""Sumo\/Tracker"",""Others""]"
4799,2019-05-11 18:17:02,Agriculture,Agriculture Input Shops/ Suppliers,tage tajung,Private,In Use,Lower Subansiri,Ziro,Modang Tage,27.5731,93.8309,Rejected,https://smartvillage.imagetrekk.com/storage/images/LSJZFvvxUNf12yXjCfQ9PDRxMpNJCXZkSEL4IKAT.jpeg?asset_id=4799,The local grenery house (Locally called Nesu Ude) No. (4),1,Kacha Road,5,3G Unreliable,"[""Vodafone"",""BSNL"",""Airtel""]","[""Vodafone"",""BSNL"",""Airtel""]","[""Vodafone"",""BSNL"",""Airtel""]","[""Vodafone"",""BSNL"",""Airtel""]","[""Vodafone"",""BSNL"",""Airtel""]","[""Vodafone"",""BSNL"",""Airtel""]","Kacha/Temporary(Wood,Bamboo,etc.,)","[""None""]",9:0 to 5:0,"[""Monday "",""Tuesday"",""Wednesday"",""Thursday"",""Friday "",""Saturday""]",2,2,Tap Water from Government,,Water from Government,,No,,,,Burnt within the premises,,No,,Yes,2,Solar Unit,5,5,5,5,5,5,No,,No,,Traditional Book Keeping,,"[""Support via Schemes""]",No,,No,,Local Supplier,,"[""Fertilizers"",""Pesticides""]",Private Godown/Warehouse,,6,"[""Village Meeting ""]",10000,15000,5,"Rice, Maize vegetables and fruits",201-300,"[""Farmers""]",5,"[""2 Wheeler"",""Tempo\/Auto"",""Sumo\/Tracker"",""Others""]"
4800,2019-05-11 18:17:14,Agriculture,Agriculture Input Shops/ Suppliers,tage tajung,Private,In Use,Lower Subansiri,Ziro,Modang Tage,27.57303,93.83086,Rejected,https://smartvillage.imagetrekk.com/storage/images/DTLJkU6NdhBY1V4FVgUgVKc7qQ0K9CGDYzd2MyTo.jpeg?asset_id=4800,The local grenery house (Locally called Nesu Ude) No. (5),2,Kacha Road,5,3G Unreliable,"[""Vodafone"",""BSNL"",""Airtel""]","[""Vodafone"",""BSNL"",""Airtel""]","[""Vodafone"",""BSNL"",""Airtel""]","[""Vodafone"",""BSNL"",""Airtel""]","[""Vodafone"",""BSNL"",""Airtel""]","[""Vodafone"",""BSNL"",""Airtel""]","Kacha/Temporary(Wood,Bamboo,etc.,)","[""None""]",9:0 to 5:0,"[""Monday "",""Tuesday"",""Wednesday"",""Thursday"",""Friday "",""Saturday""]",2,2,Tap Water from Government,,Water from Government,,No,,,,Burnt within the premises,,No,,Yes,2,Solar Unit,5,5,5,5,5,5,No,,No,,Traditional Book Keeping,,"[""Support via Schemes""]",No,,No,,Local Supplier,,"[""Fertilizers"",""Pesticides"",""Others""]",Private Godown/Warehouse,,11,"[""Village Meeting ""]",10000,15000,5,rice maize vegetables and fruits,201-300,"[""Farmers"",""Others""]",5,"[""2 Wheeler"",""Tempo\/Auto"",""Sumo\/Tracker"",""Others""]"
4801,2019-05-11 18:17:27,Agriculture,Agriculture Input Shops/ Suppliers,tage tajung,Private,In Use,Lower Subansiri,Ziro,Modang Tage,27.57337,93.83073,Rejected,https://smartvillage.imagetrekk.com/storage/images/P3OeBw0DpUNtVRmcfeVtBxm9WHRdgHzAorKUwCWa.jpeg?asset_id=4801,The local grenery house (Locally called Nesu Ude ) No. (6),3,Kacha Road,5,3G Unreliable,"[""Vodafone"",""BSNL"",""Airtel""]","[""Vodafone"",""BSNL"",""Airtel""]","[""Vodafone"",""BSNL"",""Airtel""]","[""Vodafone"",""BSNL"",""Airtel""]","[""Vodafone"",""BSNL"",""Airtel""]","[""Vodafone"",""BSNL"",""Airtel""]","Kacha/Temporary(Wood,Bamboo,etc.,)","[""None""]",9:0 to 5:0,"[""Monday "",""Tuesday"",""Wednesday"",""Thursday"",""Friday "",""Saturday""]",2,2,Tap Water from Government,,Water from Government,,No,,,,Burnt within the premises,,No,,Yes,2,Solar Unit,5,5,5,5,5,5,No,,No,,Traditional Book Keeping,,"[""Support via Schemes""]",No,,No,,Local Supplier,,"[""Fertilizers"",""Pesticides""]",Private Godown/Warehouse,,22,"[""Village Meeting ""]",10000,15000,5,Rice maize vegetables and fruits,201-300,"[""Farmers""]",5,"[""2 Wheeler"",""Tempo\/Auto"",""Sumo\/Tracker"",""Others""]"
4802,2019-05-11 18:17:42,Agriculture,Agriculture Input Shops/ Suppliers,tage tajung,Private,In Use,Lower Subansiri,Ziro,Modang Tage,27.57291,93.83038,Rejected,https://smartvillage.imagetrekk.com/storage/images/337wkreGKtnk1CpASq8NsSRStBmNABrd1b0iJ09N.jpeg?asset_id=4802,The local grenery house Locally called Nesu Ude No. (7),2,Kacha Road,5,3G Unreliable,"[""Vodafone"",""BSNL"",""Airtel""]","[""Vodafone"",""BSNL"",""Airtel""]","[""Vodafone"",""BSNL"",""Airtel""]","[""Vodafone"",""BSNL"",""Airtel""]","[""Vodafone"",""BSNL"",""Airtel""]","[""Vodafone"",""BSNL"",""Airtel""]","Kacha/Temporary(Wood,Bamboo,etc.,)","[""None""]",9:0 to 5:0,"[""Monday "",""Tuesday"",""Wednesday"",""Thursday"",""Friday "",""Saturday""]",2,2,Tap Water from Government,,Water from Government,,No,,,,Burnt within the premises,,No,,Yes,2,Solar Unit,5,5,5,5,5,5,No,,No,,Traditional Book Keeping,,"[""Support via Schemes""]",No,,No,,Local Supplier,,"[""Fertilizers"",""Pesticides""]",Private Godown/Warehouse,,32,"[""Village Meeting ""]",10000,15000,5,Rice maize vegetables and fruits,201-300,"[""Farmers""]",5,"[""2 Wheeler"",""Tempo\/Auto"",""Sumo\/Tracker"",""Others""]"
4803,2019-05-11 18:17:59,Agriculture,Agriculture Input Shops/ Suppliers,tage tajung,Private,In Use,Lower Subansiri,Ziro,Modang Tage,27.57307,93.83072,Rejected,https://smartvillage.imagetrekk.com/storage/images/NQerhS9sZZFfHUyk6t73JiV6Gd9KJT9CkwYpBfum.jpeg?asset_id=4803,The local grenery house Locally called Nesu Ude no. (8),2,Kacha Road,5,3G Unreliable,"[""Vodafone"",""BSNL"",""Airtel""]","[""Vodafone"",""BSNL"",""Airtel""]","[""Vodafone"",""BSNL"",""Airtel""]","[""Vodafone"",""BSNL"",""Airtel""]","[""Vodafone"",""BSNL"",""Airtel""]","[""Vodafone"",""BSNL"",""Airtel""]","Kacha/Temporary(Wood,Bamboo,etc.,)","[""None""]",9:0 to 5:0,"[""Monday "",""Tuesday"",""Wednesday"",""Thursday"",""Friday "",""Saturday""]",2,2,Tap Water from Government,,Water from Government,,No,,,,Burnt within the premises,,No,,Yes,2,Solar Unit,5,5,5,5,5,5,No,,No,,Traditional Book Keeping,,"[""Support via Schemes""]",No,,No,,Local Supplier,,"[""Fertilizers"",""Pesticides""]",Private Godown/Warehouse,,21,"[""Village Meeting ""]",10000,15000,5,Rice Maize vegetables and fruits,201-300,"[""Farmers""]",5,"[""2 Wheeler"",""Tempo\/Auto"",""Sumo\/Tracker"",""Others""]"
4804,2019-05-11 18:18:16,Agriculture,Agriculture Input Shops/ Suppliers,tage tajung,Private,In Use,Lower Subansiri,Ziro,Modang Tage,27.57293,93.83023,Rejected,https://smartvillage.imagetrekk.com/storage/images/0lIv3zOvdED2VDzmisKe0uyGRdIQNXeSKxCydRYu.jpeg?asset_id=4804,The local grenery house Locally called Nesu Ude no. (9),2,Kacha Road,5,3G Unreliable,"[""Vodafone"",""BSNL"",""Airtel""]","[""Vodafone"",""BSNL"",""Airtel""]","[""Vodafone"",""BSNL"",""Airtel""]","[""Vodafone"",""BSNL"",""Airtel""]","[""Vodafone"",""BSNL"",""Airtel""]","[""Vodafone"",""BSNL"",""Airtel""]","Kacha/Temporary(Wood,Bamboo,etc.,)","[""None""]",9:0 to 5:0,"[""Monday "",""Tuesday"",""Wednesday"",""Thursday"",""Friday "",""Saturday""]",2,2,Tap Water from Government,,Water from Government,,No,,,,Burnt within the premises,,No,,Yes,2,Solar Unit,5,5,5,5,5,5,No,,No,,Traditional Book Keeping,,"[""Support via Schemes""]",No,,No,,Local Supplier,,"[""Fertilizers"",""Pesticides""]",Private Godown/Warehouse,,41,"[""Village Meeting ""]",10000,15000,5,Rice maize vegetables and fruits,201-300,"[""Farmers"",""Others""]",5,"[""2 Wheeler"",""Tempo\/Auto"",""Sumo\/Tracker"",""Others""]"
4805,2019-05-11 18:18:31,Agriculture,Agriculture Input Shops/ Suppliers,tage tajung,Private,In Use,Lower Subansiri,Ziro,Modang Tage,27.57319,93.83032,Rejected,https://smartvillage.imagetrekk.com/storage/images/7Pw2AO0BwzMFIMg7A9KYoSSZJQjuBYDhpBNSkAcG.jpeg?asset_id=4805,The local grenery house Locally called Nesu Ude no. (10),2,Kacha Road,5,3G Unreliable,"[""Vodafone"",""BSNL"",""Airtel""]","[""Vodafone"",""BSNL"",""Airtel""]","[""Vodafone"",""BSNL"",""Airtel""]","[""Vodafone"",""BSNL"",""Airtel""]","[""Vodafone"",""BSNL"",""Airtel""]","[""Vodafone"",""BSNL"",""Airtel""]","Kacha/Temporary(Wood,Bamboo,etc.,)","[""None""]",9:0 to 5:0,"[""Monday "",""Tuesday"",""Wednesday"",""Thursday"",""Friday "",""Saturday""]",2,2,Tap Water from Government,,Water from Government,,No,,,,Burnt within the premises,,No,,Yes,2,Solar Unit,5,5,5,5,5,5,No,,No,,Traditional Book Keeping,,"[""Support via Schemes""]",No,,No,,Local Supplier,,"[""Fertilizers"",""Pesticides""]",Private Godown/Warehouse,,54,"[""Village Meeting ""]",10000,15000,5,rice maize vegetables and fruits,201-300,"[""Farmers"",""Others""]",5,"[""2 Wheeler"",""Tempo\/Auto"",""Sumo\/Tracker"",""Others""]"
4806,2019-05-11 18:18:51,Agriculture,Agriculture Input Shops/ Suppliers,tage tajung,Private,In Use,Lower Subansiri,Ziro,Modang Tage,27.57328,93.83083,Rejected,https://smartvillage.imagetrekk.com/storage/images/xaorGUoYaGdJ60sMVlS7GDFfxzGYQTYw6ZR1FFKw.jpeg?asset_id=4806,The local grenery house Locally called Nesu Ude No.(11),2,Kacha Road,5,3G Unreliable,"[""Vodafone"",""BSNL"",""Airtel""]","[""Vodafone"",""BSNL"",""Airtel""]","[""Vodafone"",""BSNL"",""Airtel""]","[""Vodafone"",""BSNL"",""Airtel""]","[""Vodafone"",""BSNL"",""Airtel""]","[""Vodafone"",""BSNL"",""Airtel""]","Kacha/Temporary(Wood,Bamboo,etc.,)","[""None""]",9:0 to 5:0,"[""Monday "",""Tuesday"",""Wednesday"",""Thursday"",""Friday "",""Saturday""]",2,2,Tap Water from Government,,Water from Government,,No,,,,Burnt within the premises,,No,,Yes,2,Solar Unit,5,5,5,5,5,5,No,,No,,Traditional Book Keeping,,"[""Support via Schemes""]",No,,No,,Local Supplier,,"[""Fertilizers"",""Pesticides""]",Private Godown/Warehouse,,51,"[""Village Meeting ""]",10000,15000,5,rice maize vegetables and fruits,201-300,"[""Farmers"",""Others""]",5,"[""2 Wheeler"",""Tempo\/Auto"",""Sumo\/Tracker"",""Others""]"
4807,2019-05-11 18:19:07,Agriculture,Agriculture Input Shops/ Suppliers,tage tajung,Private,In Use,Lower Subansiri,Ziro,Modang Tage,27.57322,93.83061,Rejected,https://smartvillage.imagetrekk.com/storage/images/SxtdTINO3Lp8L22K7iZYQnakhptAkQIMLcj0FLwt.jpeg?asset_id=4807,The local grenery house Locally called Nesu Ude No.(12),2,Kacha Road,5,3G Unreliable,"[""Vodafone"",""BSNL"",""Airtel""]","[""Vodafone"",""BSNL"",""Airtel""]","[""Vodafone"",""BSNL"",""Airtel""]","[""Vodafone"",""BSNL"",""Airtel""]","[""Vodafone"",""BSNL"",""Airtel""]","[""Vodafone"",""BSNL"",""Airtel""]","Kacha/Temporary(Wood,Bamboo,etc.,)","[""None""]",9:0 to 5:0,"[""Monday "",""Tuesday"",""Wednesday"",""Thursday"",""Friday "",""Saturday""]",2,2,Tap Water from Government,,Water from Government,,No,,,,Burnt within the premises,,No,,Yes,2,Solar Unit,5,5,5,5,5,5,No,,No,,Traditional Book Keeping,,"[""Support via Schemes""]",No,,No,,Local Supplier,,"[""Fertilizers"",""Pesticides""]",Private Godown/Warehouse,,32,"[""Village Meeting ""]",10000,15000,5,rice maize vegetables and fruits,201-300,"[""Farmers"",""Others""]",5,"[""2 Wheeler"",""Tempo\/Auto"",""Sumo\/Tracker"",""Others""]"
4808,2019-05-11 18:19:23,Agriculture,Agriculture Input Shops/ Suppliers,tage tajung,Private,In Use,Lower Subansiri,Ziro,Modang Tage,27.57318,93.83042,Rejected,https://smartvillage.imagetrekk.com/storage/images/jQVMmcXl9XI9DaWFZZTfI3UUOeuT0GZq9g65UVla.jpeg?asset_id=4808,The local grenery house Locally called Nesu Ude No. (13),2,Kacha Road,5,3G Unreliable,"[""Vodafone"",""BSNL"",""Airtel""]","[""Vodafone"",""BSNL"",""Airtel""]","[""Vodafone"",""BSNL"",""Airtel""]","[""Vodafone"",""BSNL"",""Airtel""]","[""Vodafone"",""BSNL"",""Airtel""]","[""Vodafone"",""BSNL"",""Airtel""]","Kacha/Temporary(Wood,Bamboo,etc.,)","[""None""]",9:0 to 5:0,"[""Monday "",""Tuesday"",""Wednesday"",""Thursday"",""Friday "",""Saturday""]",2,2,Tap Water from Government,,Water from Government,,No,,,,Burnt within the premises,,No,,Yes,2,Solar Unit,5,5,5,5,5,5,No,,No,,Traditional Book Keeping,,"[""Support via Schemes""]",No,,No,,Local Supplier,,"[""Fertilizers"",""Pesticides""]",Private Godown/Warehouse,,32,"[""Village Meeting ""]",10000,15000,5,rice maize vegetables and fruits,201-300,"[""Farmers""]",5,"[""2 Wheeler"",""Tempo\/Auto"",""Sumo\/Tracker"",""Others""]"
4809,2019-05-11 18:19:53,Agriculture,Agriculture Input Shops/ Suppliers,tage tajung,Private,In Use,Lower Subansiri,Ziro,Modang Tage,27.55991,93.82744,Rejected,https://smartvillage.imagetrekk.com/storage/images/RBRFhZCispo6tUVF2Sf4LdQsX2Qvqe4GmQpLfbKn.jpeg?asset_id=4809,Private paiddy field number. (1) near Mudang Tage village gate,6,Pakka Road,5,3G Unreliable,"[""Vodafone"",""BSNL"",""Airtel""]","[""Vodafone"",""BSNL"",""Airtel""]","[""Vodafone"",""BSNL"",""Airtel""]","[""Vodafone"",""BSNL"",""Airtel""]","[""Vodafone"",""BSNL"",""Airtel""]","[""Vodafone"",""BSNL"",""Airtel""]","Kacha/Temporary(Wood,Bamboo,etc.,)","[""None""]",8:0 to 5:0,"[""Monday "",""Tuesday"",""Wednesday"",""Thursday"",""Friday "",""Saturday""]",5,5,Tap Water from Government,,Water from Government,,No,,,,Burnt within the premises,,No,,Yes,2,Solar Unit,5,5,5,5,5,5,No,,No,,Traditional Book Keeping,,"[""Support via Schemes""]",No,,No,,Local Supplier,,"[""Fertilizers"",""Pesticides""]",Private Godown/Warehouse,,23,"[""Village Meeting ""]",10000,15000,5,rice maize vegetables and fruits,201-300,"[""Farmers""]",5,"[""2 Wheeler"",""Tempo\/Auto"",""Sumo\/Tracker"",""Others""]"
4810,2019-05-11 18:20:14,Agriculture,Agriculture Input Shops/ Suppliers,tage tajung,Private,In Use,Lower Subansiri,Ziro,Modang Tage,27.57226,93.83222,Rejected,https://smartvillage.imagetrekk.com/storage/images/ZZ2ntovfehkkkD8I4TMTP6ezsnbLfK0TmPVme6b8.jpeg?asset_id=4810,The paiddy field number. (2) near village gate,6,Pakka Road,5,3G Unreliable,"[""Vodafone"",""BSNL"",""Airtel""]","[""Vodafone"",""BSNL"",""Airtel""]","[""Vodafone"",""BSNL"",""Airtel""]","[""Vodafone"",""BSNL"",""Airtel""]","[""Vodafone"",""BSNL"",""Airtel""]","[""Vodafone"",""BSNL"",""Airtel""]","Kacha/Temporary(Wood,Bamboo,etc.,)","[""None""]",8:0 to 5:0,"[""Monday "",""Tuesday"",""Wednesday"",""Thursday"",""Friday "",""Saturday""]",5,5,Tap Water from Government,,Water from Government,,No,,,,Burnt within the premises,,No,,Yes,2,Solar Unit,5,5,5,5,5,5,No,,No,,Traditional Book Keeping,,"[""Support via Schemes""]",No,,No,,Local Supplier,,"[""Fertilizers"",""Pesticides""]",Private Godown/Warehouse,,15,"[""Village Meeting ""]",10000,15000,5,rice maize vegetables and fruits,201-300,"[""Farmers""]",5,"[""2 Wheeler"",""Tempo\/Auto"",""Sumo\/Tracker"",""Others""]"
4811,2019-05-11 18:20:36,Agriculture,Agriculture Input Shops/ Suppliers,tage tajung,Private,In Use,Lower Subansiri,Ziro,Modang Tage,27.57232,93.83296,Rejected,https://smartvillage.imagetrekk.com/storage/images/wq45fEGQKVwCQ6naDNilgRvEHDCKN7ZyiGgD0OFs.jpeg?asset_id=4811,Paiddy field number. (3) near main road side,3,Pakka Road,5,3G Unreliable,"[""Vodafone"",""BSNL"",""Airtel""]","[""Vodafone"",""BSNL"",""Airtel""]","[""Vodafone"",""BSNL"",""Airtel""]","[""Vodafone"",""BSNL"",""Airtel""]","[""Vodafone"",""BSNL"",""Airtel""]","[""Vodafone"",""BSNL"",""Airtel""]","Kacha/Temporary(Wood,Bamboo,etc.,)","[""None""]",8:0 to 5:0,"[""Monday "",""Tuesday"",""Wednesday"",""Friday "",""Thursday"",""Saturday""]",5,5,Tap Water from Government,,Water from Government,,No,,,,Burnt within the premises,,No,,Yes,2,Solar Unit,5,5,5,5,5,5,No,,No,,Traditional Book Keeping,,"[""Support via Schemes""]",No,,No,,Local Supplier,,"[""Fertilizers"",""Pesticides""]",Private Godown/Warehouse,,45,"[""Village Meeting ""]",10000,15000,5,rice maize vegetables and fruits,201-300,"[""Farmers""]",5,"[""Tempo\/Auto"",""2 Wheeler"",""Sumo\/Tracker"",""Others""]"
4812,2019-05-11 18:21:04,Agriculture,Agriculture Input Shops/ Suppliers,tage tajung,Private,In Use,Lower Subansiri,Ziro,Modang Tage,27.57234,93.83244,Rejected,https://smartvillage.imagetrekk.com/storage/images/DwrElkaG3Ve1f9cXrmKmW7mELfSt6J8rIc5QlihS.jpeg?asset_id=4812,Paiddy field number. (4),4,Pakka Road,5,3G Unreliable,"[""Vodafone"",""BSNL"",""Airtel""]","[""Vodafone"",""BSNL"",""Airtel""]","[""Vodafone"",""BSNL"",""Airtel""]","[""Vodafone"",""BSNL"",""Airtel""]","[""Vodafone"",""BSNL"",""Airtel""]","[""Vodafone"",""BSNL"",""Airtel""]","Kacha/Temporary(Wood,Bamboo,etc.,)","[""None""]",8:0 to 5:0,"[""Monday "",""Tuesday"",""Wednesday"",""Thursday"",""Friday "",""Saturday""]",5,5,Tap Water from Government,,Water from Government,,No,,,,Burnt within the premises,,No,,Yes,2,Solar Unit,5,5,5,5,5,5,No,,No,,Traditional Book Keeping,,"[""Support via Schemes""]",No,,No,,Local Supplier,,"[""Fertilizers"",""Pesticides""]",Private Godown/Warehouse,,32,"[""Village Meeting ""]",10000,15000,5,rice maize vegetables and fruits,201-300,"[""Farmers""]",5,"[""2 Wheeler"",""Tempo\/Auto"",""Sumo\/Tracker"",""Others""]"
4813,2019-05-11 18:21:26,Agriculture,Agriculture Input Shops/ Suppliers,tage tajung,Private,In Use,Lower Subansiri,Ziro,Modang Tage,27.57174,93.83461,Rejected,https://smartvillage.imagetrekk.com/storage/images/b45HZwdAb2xAy11KKm99xUOG0dSzJMKrz77DKkTh.jpeg?asset_id=4813,Paiddy field number. (5) near biirii area,3,Pakka Road,5,3G Unreliable,"[""Vodafone"",""BSNL"",""Airtel""]","[""Vodafone"",""BSNL"",""Airtel""]","[""Vodafone"",""BSNL"",""Airtel""]","[""Vodafone"",""BSNL"",""Airtel""]","[""Vodafone"",""BSNL"",""Airtel""]","[""Vodafone"",""BSNL"",""Airtel""]","Kacha/Temporary(Wood,Bamboo,etc.,)","[""None""]",8:0 to 5:0,"[""Monday "",""Tuesday"",""Wednesday"",""Thursday"",""Friday "",""Saturday""]",5,5,Tap Water from Government,,Water from Government,,No,,,,Burnt within the premises,,No,,Yes,2,Solar Unit,5,5,5,5,5,5,No,,No,,Traditional Book Keeping,,"[""Support via Schemes""]",No,,No,,Local Supplier,,"[""Fertilizers"",""Pesticides""]",Private Godown/Warehouse,,55,"[""Village Meeting ""]",10000,15000,5,rice maize vegetables and fruits,201-300,"[""Farmers""]",5,"[""2 Wheeler"",""Tempo\/Auto"",""Sumo\/Tracker"",""Others""]"
4814,2019-05-11 18:21:44,Agriculture,Agriculture Input Shops/ Suppliers,tage tajung,Private,In Use,Lower Subansiri,Ziro,Modang Tage,27.57224,93.83563,Rejected,https://smartvillage.imagetrekk.com/storage/images/VACPAW3n8VVRL84r6nOBKJKSn35nTs7f2Akj5w1M.jpeg?asset_id=4814,Paiddy field number (6) of Mudang Tage village,3,Kacha Road,5,3G Unreliable,"[""Vodafone"",""BSNL"",""Airtel""]","[""Vodafone"",""BSNL"",""Airtel""]","[""Vodafone"",""BSNL"",""Airtel""]","[""Vodafone"",""BSNL"",""Airtel""]","[""Vodafone"",""BSNL"",""Airtel""]","[""Vodafone"",""BSNL"",""Airtel""]","Kacha/Temporary(Wood,Bamboo,etc.,)","[""None""]",8:0 to 5:0,"[""Monday "",""Tuesday"",""Wednesday"",""Thursday"",""Friday ""]",5,5,Tap Water from Government,,Water from Government,,No,,,,Burnt within the premises,,No,,Yes,2,Solar Unit,5,5,5,5,5,5,No,,No,,Traditional Book Keeping,,"[""Support via Schemes""]",No,,No,,Local Supplier,,"[""Fertilizers"",""Pesticides""]",Private Godown/Warehouse,,65,"[""Village Meeting ""]",10000,15000,5,rice maize vegetables and fruits,201-300,"[""Farmers""]",5,"[""2 Wheeler"",""Tempo\/Auto"",""Sumo\/Tracker"",""Others""]"
4815,2019-05-11 18:22:00,Agriculture,Agriculture Input Shops/ Suppliers,tage tajung,Private,In Use,Lower Subansiri,Ziro,Modang Tage,27.57264,93.8365,Rejected,https://smartvillage.imagetrekk.com/storage/images/ee7fqgUA0UtIkJrYwBGMuZRgoQbj6b5pfLnN9sdl.jpeg?asset_id=4815,Paiddy field number (7) near Laye lembo (road),2,Kacha Road,5,3G Unreliable,"[""Vodafone"",""BSNL"",""Airtel""]","[""Vodafone"",""BSNL"",""Airtel""]","[""Vodafone"",""BSNL"",""Airtel""]","[""Vodafone"",""BSNL"",""Airtel""]","[""Vodafone"",""BSNL"",""Airtel""]","[""Vodafone"",""BSNL"",""Airtel""]","Kacha/Temporary(Wood,Bamboo,etc.,)","[""None""]",8:0 to 5:0,"[""Monday "",""Tuesday"",""Wednesday"",""Thursday"",""Friday "",""Saturday""]",5,5,Tap Water from Government,,Water from Government,,No,,,,Burnt within the premises,,No,,Yes,2,Solar Unit,5,5,5,5,5,5,No,,No,,Traditional Book Keeping,,"[""Support via Schemes""]",No,,No,,Local Supplier,,"[""Fertilizers"",""Pesticides""]",Private Godown/Warehouse,,24,"[""Village Meeting ""]",10000,15000,5,rice maize vegetables and fruits,201-300,"[""Farmers""]",5,"[""2 Wheeler"",""Tempo\/Auto"",""Sumo\/Tracker"",""Others""]"
4816,2019-05-11 18:22:15,Agriculture,Agriculture Input Shops/ Suppliers,tage tajung,Private,In Use,Lower Subansiri,Ziro,Modang Tage,27.5733,93.83703,Rejected,https://smartvillage.imagetrekk.com/storage/images/AQ99ppjL3SKZA3ie7MtPVyU4ZTHaLSxkEp7MHNmc.jpeg?asset_id=4816,Paiddy field number (8) near Laye lembo,2,Kacha Road,5,3G Unreliable,"[""Vodafone"",""BSNL"",""Airtel""]","[""Vodafone"",""BSNL"",""Airtel""]","[""Vodafone"",""BSNL"",""Airtel""]","[""Vodafone"",""BSNL"",""Airtel""]","[""Vodafone"",""BSNL"",""Airtel""]","[""Vodafone"",""BSNL"",""Airtel""]","Kacha/Temporary(Wood,Bamboo,etc.,)","[""None""]",8:0 to 5:0,"[""Monday "",""Tuesday"",""Wednesday"",""Thursday"",""Friday "",""Saturday""]",5,8,Tap Water from Government,,Water from Government,,No,,,,Burnt within the premises,,No,,Yes,2,Solar Unit,5,5,5,5,5,5,No,,No,,Traditional Book Keeping,,"[""Support via Schemes""]",No,,No,,Local Supplier,,"[""Fertilizers"",""Pesticides""]",Private Godown/Warehouse,,33,"[""Village Meeting ""]",10000,15000,5,rice maize vegetables and fruits,201-300,"[""Farmers""]",5,"[""2 Wheeler"",""Tempo\/Auto"",""Sumo\/Tracker"",""Others""]"
4817,2019-05-11 18:22:31,Agriculture,Agriculture Input Shops/ Suppliers,tage tajung,Private,In Use,Lower Subansiri,Ziro,Modang Tage,27.57368,93.83749,Rejected,https://smartvillage.imagetrekk.com/storage/images/5AjOe0MRXuNeHXPIiM3qAgko6FHqf2moHIWXNgAx.jpeg?asset_id=4817,Paiddy field number (9),2,Kacha Road,5,3G Unreliable,"[""Vodafone"",""BSNL"",""Airtel""]","[""Vodafone"",""BSNL"",""Airtel""]","[""Vodafone"",""BSNL"",""Airtel""]","[""Vodafone"",""BSNL"",""Airtel""]","[""Vodafone"",""BSNL"",""Airtel""]","[""Vodafone"",""BSNL"",""Airtel""]","Kacha/Temporary(Wood,Bamboo,etc.,)","[""None""]",8:0 to 5:0,"[""Monday "",""Tuesday"",""Wednesday"",""Friday "",""Thursday"",""Saturday""]",5,5,Tap Water from Government,,Water from Government,,No,,,,Burnt within the premises,,No,,Yes,2,Solar Unit,5,5,5,5,5,5,No,,No,,Traditional Book Keeping,,"[""Support via Schemes""]",No,,No,,Local Supplier,,"[""Fertilizers"",""Pesticides""]",Private Godown/Warehouse,,12,"[""Village Meeting ""]",10000,15000,5,rice maize vegetables and fruits,201-300,"[""Farmers""]",5,"[""2 Wheeler"",""Tempo\/Auto"",""Sumo\/Tracker"",""Others""]"
4818,2019-05-11 18:22:56,Agriculture,Agriculture Input Shops/ Suppliers,tage tajung,Private,In Use,Lower Subansiri,Ziro,Modang Tage,27.5718,93.83403,Rejected,https://smartvillage.imagetrekk.com/storage/images/PFEsyMtx6m2391dayuStmI3AWY12FZY62vK5eZud.jpeg?asset_id=4818,Paiddy field number. (10) near Biirii road,3,Pakka Road,5,3G Unreliable,"[""Vodafone"",""BSNL"",""Airtel""]","[""Vodafone"",""BSNL"",""Airtel""]","[""Vodafone"",""BSNL"",""Airtel""]","[""Vodafone"",""BSNL"",""Airtel""]","[""Vodafone"",""BSNL"",""Airtel""]","[""Vodafone"",""BSNL"",""Airtel""]","Kacha/Temporary(Wood,Bamboo,etc.,)","[""None""]",8:0 to 5:0,"[""Monday "",""Tuesday"",""Wednesday"",""Thursday"",""Friday "",""Saturday""]",5,5,Tap Water from Government,,Water from Government,,No,,,,Burnt within the premises,,No,,Yes,2,Solar Unit,5,5,5,5,5,5,No,,No,,Traditional Book Keeping,,"[""Support via Schemes""]",No,,No,,Local Supplier,,"[""Fertilizers"",""Pesticides""]",Private Godown/Warehouse,,55,"[""Village Meeting ""]",10000,15000,5,rice maize vegetables and fruits,201-300,"[""Farmers""]",5,"[""2 Wheeler"",""Tempo\/Auto"",""Sumo\/Tracker"",""Others""]"
4819,2019-05-11 18:23:19,Agriculture,Agriculture Input Shops/ Suppliers,tage tajung,Private,In Use,Lower Subansiri,Ziro,Modang Tage,27.56666,93.84163,Rejected,https://smartvillage.imagetrekk.com/storage/images/qmUrw6oFVMQueEobcv6Kyn4jSJUX8BnKmjk0omYx.jpeg?asset_id=4819,The Kiwi garden no.(1) at biirii,3,Pakka Road,5,3G Unreliable,"[""Vodafone"",""BSNL"",""Airtel""]","[""Vodafone"",""BSNL"",""Airtel""]","[""Vodafone"",""BSNL"",""Airtel""]","[""Vodafone"",""BSNL"",""Airtel""]","[""Vodafone"",""BSNL"",""Airtel""]","[""Vodafone"",""BSNL"",""Airtel""]","Pakka/Permenant(Steel,Concrete,etc.,)","[""Compound Wall\/ Fencing""]",9:0 to 5:0,"[""Monday "",""Tuesday"",""Wednesday"",""Thursday"",""Friday "",""Saturday""]",10,10,Tap Water from Government,,Water from Government,,No,,,,Burnt within the premises,,No,,Yes,2,Solar Unit,5,5,5,5,5,5,No,,No,,Traditional Book Keeping,,"[""Support via Schemes""]",No,,No,,Local Supplier,,"[""Pesticides"",""Fertilizers""]",Within the shop,,32,"[""Village Meeting ""]",15000,25000,5,rice maize vegetables fruits and Kiwi,201-300,"[""Farmers""]",5,"[""2 Wheeler"",""Tempo\/Auto"",""Sumo\/Tracker"",""Others"",""Head Load""]"
4820,2019-05-11 18:23:34,Agriculture,Agriculture Input Shops/ Suppliers,tage tajung,Private,In Use,Lower Subansiri,Ziro,Modang Tage,27.56698,93.8405,Rejected,https://smartvillage.imagetrekk.com/storage/images/0lbwe0BDSOEmJU690evvf6aex7AOZKcRtzIImygf.jpeg?asset_id=4820,The Kiwi garden no.(2) near Pechi Putu (Ground),3,Pakka Road,5,3G Unreliable,"[""Vodafone"",""BSNL"",""Airtel""]","[""Vodafone"",""BSNL"",""Airtel""]","[""Vodafone"",""BSNL"",""Airtel""]","[""Vodafone"",""BSNL"",""Airtel""]","[""Vodafone"",""BSNL"",""Airtel""]","[""Vodafone"",""BSNL"",""Airtel""]","Pakka/Permenant(Steel,Concrete,etc.,)","[""Compound Wall\/ Fencing""]",9:0 to 5:0,"[""Monday "",""Tuesday"",""Wednesday"",""Thursday"",""Friday "",""Saturday""]",10,10,Tap Water from Government,,Water from Government,,No,,,,Burnt within the premises,,No,,Yes,2,Solar Unit,5,5,5,5,5,5,No,,No,,Traditional Book Keeping,,"[""Support via Schemes""]",No,,No,,Local Supplier,,"[""Fertilizers"",""Pesticides""]",Within the shop,,82,"[""Village Meeting ""]",15000,25000,5,rice maize vegetables and fruits or kiwi,201-300,"[""Farmers"",""Others""]",5,"[""Head Load"",""2 Wheeler"",""Tempo\/Auto"",""Sumo\/Tracker"",""Others""]"
5123,2019-05-13 17:26:49,Agriculture,Agriculture Input Shops/ Suppliers,tage tajung,Private,In Use,Lower Subansiri,Ziro,Modang Tage,27.57229,93.83074,Rejected,https://smartvillage.imagetrekk.com/storage/images/95KV8ksEUo6MB0XCFuzRnMuXb4cDiWDhUJHHtk6h.jpeg?asset_id=5123,Private grocery shop at Mudang Tage village no. (1),3,Pakka Road,5,3G Unreliable,"[""Vodafone"",""BSNL"",""Airtel""]","[""Vodafone"",""BSNL"",""Airtel""]","[""Vodafone"",""BSNL"",""Airtel""]","[""Vodafone"",""BSNL"",""Airtel""]","[""Vodafone"",""BSNL"",""Airtel""]","[""Vodafone"",""BSNL"",""Airtel""]","Pakka/Permenant(Steel,Concrete,etc.,)","[""None""]",7:0 to 8:0,"[""Monday "",""Tuesday"",""Wednesday"",""Thursday"",""Friday "",""Saturday"",""Sunday""]",1,1,Tap Water from Government,,Water from Government,,No,,,,Burnt within the premises,,Yes,5,Yes,2,Solar Unit,5,5,5,5,5,5,No,,No,,Traditional Book Keeping,,"[""None""]",No,,No,,Local Supplier,,"[""Others""]",Within the shop,,2,"[""Village Meeting ""]",5000,10000,8,"sugar, tea leafs, biscuits, rice",1-100,"[""Farmers"",""Others""]",5,"[""2 Wheeler"",""Tempo\/Auto"",""Others""]"
5307,2019-05-14 05:23:00,Agriculture,Agriculture Input Shops/ Suppliers,dobum raju,Private,In Use,Papumpare,Doimukh,Doimukh,27.14451,93.75398,Approved,https://smartvillage.imagetrekk.com/storage/images/fhre2VjTD1UOyOH8G7Y2erCafNarp5f9oxfEZtkk.jpeg?asset_id=5307,good,5,Pakka Road,0,4G+ Reliable,"[""Vodafone"",""Idea"",""BSNL"",""Jio"",""Airtel""]","[""Vodafone"",""Idea"",""BSNL"",""Jio"",""Airtel""]","[""Vodafone"",""Idea"",""BSNL"",""Jio"",""Airtel""]","[""Vodafone"",""Idea"",""BSNL"",""Jio"",""Airtel""]","[""Vodafone"",""Idea"",""BSNL"",""Jio"",""Airtel""]","[""Vodafone"",""Idea"",""BSNL"",""Jio"",""Airtel""]","Pakka/Permenant(Steel,Concrete,etc.,)","[""None""]",7:0 to 8:0,"[""Monday "",""Tuesday"",""Wednesday"",""Thursday"",""Friday "",""Saturday"",""Sunday""]",2,2,Ground Water,,Ground Water,,Yes,No,No,No,Discarded in Govt. designated sites,,Yes,7,Yes,2,None,,,,,,,No,,No,,Traditional Book Keeping,,"[""None""]",No,,No,,Local Supplier,,"[""Fertilizers"",""Pesticides"",""Growth Hormones""]",Within the shop,,200,"[""Marketing team\/ Sales Agents""]",60000,20000,50,variouse vegetable seeds,1-100,"[""Farmers""]",1000,"[""Tempo\/Auto""]"
6286,2019-05-26 10:11:02,Agriculture,Agriculture Input Shops/ Suppliers,bullo tatung,Private,In Use,Lower Subansiri,Ziro,Dutta,27.61887,93.83354,Rejected,https://smartvillage.imagetrekk.com/storage/images/uvJ324kqsRxKqCb8oHkU0wVI1nWoymXbGOzBiR26.jpeg?asset_id=6286,vegetable farm,1,Pakka Road,1,2G Reliable,"[""Vodafone"",""BSNL"",""Airtel""]","[""Vodafone"",""BSNL"",""Airtel""]","[""Vodafone"",""BSNL"",""Airtel""]","[""Vodafone"",""BSNL"",""Airtel""]","[""Vodafone"",""BSNL"",""Airtel""]","[""Vodafone"",""BSNL"",""Airtel""]","Kacha/Temporary(Wood,Bamboo,etc.,)","[""Compound Wall\/ Fencing""]",6:0 to 6:0,"[""Sunday"",""Saturday"",""Friday "",""Thursday"",""Wednesday"",""Tuesday"",""Monday ""]",2,2,Ground Water,,Ground Water,,No,,,,Burnt within the premises,,Yes,>7,No,,None,,,,,,,No,,No,,Traditional Book Keeping,,"[""None""]",No,,No,,Local Supplier,,"[""None""]",None,,700,"[""Marketing team\/ Sales Agents""]",1000,1000,2,potato tomato,1-100,"[""Farmers""]",500,"[""Head Load""]"
6925,2019-06-03 08:12:07,Agriculture,Agriculture Input Shops/ Suppliers,ngilyang thaka,Private,Repairable,Lower Subansiri,Ziro,Lempiya,27.65734,93.79353,Rejected,https://smartvillage.imagetrekk.com/storage/images/mN3mfkU1Gkft6TIC9ImiDl4xwcLOKyOhCFv10wcI.jpeg?asset_id=6925,agri godown 6,2,Kacha Road with Block Point,5,2G Reliable,"[""Vodafone"",""BSNL"",""Airtel""]","[""Vodafone"",""BSNL"",""Airtel""]","[""Vodafone"",""BSNL"",""Airtel""]","[""Vodafone"",""BSNL"",""Airtel""]","[""Vodafone"",""BSNL"",""Airtel""]","[""Vodafone"",""BSNL"",""Airtel""]","Kacha/Temporary(Wood,Bamboo,etc.,)","[""None""]",10:0 to 2:0,"[""Monday "",""Tuesday"",""Wednesday"",""Friday "",""Thursday""]",1,1,Ground Water,,Ground Water,,No,,,,Discarded in Open Field,,No,,No,,None,,,,,,,No,,No,,Traditional Book Keeping,,"[""None""]",No,,No,,Local Supplier,,"[""None""]",None,,5,"[""Others""]",5000,100000,5,fiidgrain,1-100,"[""None"",""Farmers""]",500,"[""Head Load""]"
7204,2019-06-08 07:31:02,Agriculture,Agriculture Input Shops/ Suppliers,taakhe rakesh,Private,In Use,Lower Subansiri,Ziro,Hong,27.55676,93.84703,Rejected,https://smartvillage.imagetrekk.com/storage/images/kT9HBca4fZEzYAAxtZ36quMyk9S53FmODr4nbhUj.jpeg?asset_id=7204,vegitable,1,Kacha Road,3,3G Unreliable,"[""Vodafone"",""Idea"",""BSNL"",""Airtel""]","[""Vodafone"",""Idea"",""BSNL"",""Airtel""]","[""Vodafone"",""Idea"",""BSNL"",""Airtel""]","[""Vodafone"",""Idea"",""BSNL"",""Airtel""]","[""Vodafone"",""Idea"",""BSNL"",""Airtel""]","[""Vodafone"",""Idea"",""BSNL"",""Airtel""]","Kacha/Temporary(Wood,Bamboo,etc.,)","[""None"",""Security Guard""]",15:17 to 15:15,"[""Saturday"",""Friday "",""Thursday"",""Wednesday"",""Tuesday"",""Monday "",""Sunday""]",1,1,Spring Water,,Water from Government,,No,,,,Burnt within the premises,,No,,No,,None,,,,,,,No,,No,,Traditional Book Keeping,,"[""None""]",No,,No,,None,,"[""Fertilizers""]",None,,100,"[""Others""]",100,1500,5,tomatoes chilli potatoes cabbages maize,1-100,"[""None""]",50,"[""Head Load"",""2 Wheeler"",""Tempo\/Auto"",""Sumo\/Tracker""]"
779,2019-02-11 08:53:30,Agriculture,Agriculture Input Shops/ Suppliers,jirbang pertin,Government,In Use,Lower Dibang Valley,Dambuk,Bomjir,28.11926,95.817,Rejected,https://smartvillage.imagetrekk.com/storage/images/VmMCJP8DngrOYg0v4T38xBnWqsR9U5wsTfMNwd9q.jpeg?asset_id=779,-,5,Pakka Road,1,3G Reliable,"[""Jio"",""Airtel""]","[""Jio"",""Airtel""]","[""Jio"",""Airtel""]","[""Jio"",""Airtel""]","[""Jio"",""Airtel""]","[""Jio"",""Airtel""]","Kacha/Temporary(Wood,Bamboo,etc.,)","[""None""]",8.00A.M-9.00 A.M,"[""Monday "",""Tuesday"",""Wednesday"",""Thursday"",""Friday "",""Saturday""]",2,0,Spring Water,,River or Canal,,No,,,,None,,No,,No,,Others,4,4,4,4,4,4,No,,No,,Others,none,"[""None""]",No,,No,,Others,none,"[""Others""]",Within the shop,,5,"[""Others""]",1500,20000,3,"potatoe,ginger,letius leaf",1-100,"[""Govt. Agencies""]",100,"[""2 Wheeler""]"
782,2019-02-11 08:54:10,Agriculture,Agriculture Input Shops/ Suppliers,jirbang pertin,Private,In Use,Lower Dibang Valley,Dambuk,Bizari,28.16632,95.65613,Rejected,https://smartvillage.imagetrekk.com/storage/images/f8PC2zBdRJL97SGCP4nswDnSqv49SJriXRoaQ70O.jpeg?asset_id=782,papad,1,Kacha Road,1,Nil,,,,,,,"Kacha/Temporary(Wood,Bamboo,etc.,)","[""Others"",""None""]",0.0-0.0,"[""Monday "",""Tuesday"",""Wednesday"",""Thursday"",""Saturday"",""Friday "",""Sunday""]",2,0,Tap Water from Government,,Water from Government,,Yes,No,No,No,Burnt within the premises,,No,,No,,None,,,,,,,No,,No,,Traditional Book Keeping,,"[""None""]",No,,No,,Local Supplier,,"[""None""]",Home,,30,"[""Others""]",2000,3000,0,0,1-100,"[""Govt. Agencies""]",50,"[""Mini Luggage Transport Vehicle"",""2 Wheeler"",""Head Load""]"
784,2019-02-11 08:54:29,Agriculture,Agriculture Input Shops/ Suppliers,jirbang pertin,Private,In Use,Lower Dibang Valley,Dambuk,Bomjir,28.16566,95.6575,Rejected,https://smartvillage.imagetrekk.com/storage/images/Q8MTYkGJOO4jIxFWoLZBmH0y8Q3PKVxTU2VBPHCR.jpeg?asset_id=784,pineapple,1,Kacha Road,1,2G Unreliable,"[""Airtel"",""Jio""]","[""Airtel"",""Jio""]","[""Airtel"",""Jio""]","[""Airtel"",""Jio""]","[""Airtel"",""Jio""]","[""Airtel"",""Jio""]","Kacha/Temporary(Wood,Bamboo,etc.,)","[""None""]",0.0-0.0,"[""Monday "",""Tuesday"",""Wednesday"",""Thursday"",""Friday "",""Saturday"",""Sunday""]",2,0,Others,,Water from Government,,Yes,No,No,No,Burnt within the premises,,No,,No,,Others,12,12,12,12,12,12,No,,No,,Traditional Book Keeping,,"[""None""]",No,,No,,Local Supplier,,"[""None""]",Home,,30,"[""Others""]",2000,5000,0,0,1-100,"[""Govt. Agencies""]",90,"[""Mini Luggage Transport Vehicle""]"
1005,2019-02-14 11:52:39,Agriculture,Agriculture Input Shops/ Suppliers,pema ledan thungon,Government,In Use,West Kameng,Singchung,Singchung,27.19918,92.47581,Approved,https://smartvillage.imagetrekk.com/storage/images/lfoDOzv5rHbfNFgGK1eQF6kIf43nsVI3H3ZRU2Ll.jpeg?asset_id=1005,required maximum agriculture tools and seeds,3,Pakka Road,1,4G+ Reliable,"[""Vodafone"",""BSNL"",""Airtel""]","[""Vodafone"",""BSNL"",""Airtel""]","[""Vodafone"",""BSNL"",""Airtel""]","[""Vodafone"",""BSNL"",""Airtel""]","[""Vodafone"",""BSNL"",""Airtel""]","[""Vodafone"",""BSNL"",""Airtel""]","Pakka/Permenant(Steel,Concrete,etc.,)","[""Compound Wall\/ Fencing""]",9:30am - 5:00pm,"[""Monday "",""Tuesday"",""Wednesday"",""Thursday"",""Friday ""]",7,1,Tap Water from Government,,Water from Government,,Yes,No,Yes,No,Burnt within the premises,,Yes,4,No,,None,,,,,,,No,,No,,Traditional Book Keeping,,"[""Financial Support"",""Technical Support"",""Marketing Support"",""Transport Support"",""Support via Schemes""]",No,,No,,Local Supplier,,"[""Fertilizers"",""Pesticides""]",Others,office room,7,"[""Posters\/ Display Boards"",""Village Meeting ""]",3000,1000,7,"tractor,watering can,spade,shovel,powertrill",>300,"[""Farmers""]",100,"[""Mini Luggage Transport Vehicle""]"
