,id,category,sub-category,district,circle,village,latitude,longitude,How many times did you go there until it was open?,What is the type of the road available to the asset?,How much distance should one travel to avail public transport facility? (in K.M),What is the type of the mobile network available at the asset?,What are different Mobile network service providers available at the location of this asset?,What is the type of structure of this asset?,What is the type of security available for the asset?,What are the working hours of the facility?(Ex: 9.00A.M-5:00P.M),What are the working days of the facility?,How many teachers are employed in the facility?,How many support staff are employed in the facility?,Where do you get drinking water from?,How much do you pay per litre of bottled water? (In Rupees),Are there toilets available for public usage?,Are there toilets available separately as per gender?,Is there running water available in the toilets at this asset?,Is there soap for handwash available at this asset?,How do you deal with the waste generated from the facility?,Are the premises cleaned with disinfectant regularly?,How frequently are the premises cleaned with disinfectant in a week?,Do you have grid connection for energy supply?,How many hours per day are you facing power cuts?,What is the alternative energy source available in the facility?,How many hours do you rely on the alternative energy source in a day?,Do you have landline connectivity,Do you have wired internet connection?,How do you maintain records for operations?,What are the areas you get support from government agencies for the facility?,What are the areas you get support from government agencies for your students?,Where do you gets textbooks for the children?,What is the total campus area?,Where do you get the curriculum for classes and educational programs?,Are you using digital tools for teaching?,Are there checkups or medical facilities available?,What is the frequency of these checkups?,Are there any meals served?,Is the nutritional value monitored?,Is there presence of any recreational/playing material for the kids?,What kind of residential facilities are available?,How many classrooms are there in the institute ?,How many people are enrolled or are students at this asset?,Apart from academics what are the co-curricular activities available for students ?,What is the percentage of drop-outs?,What is the reason for dropouts?,Are there any disaster management courses or drills practice at the institute?,To how many women is this institution providing services?,How many buses go to this asset?,Do the centers get timely supplies of the government goods?,What is the source of the supplies?,For what all materials the government is providing fund ?
0,2385,Education,Anganwadi Building,Papumpare,Doimukh,Lekha,27.163220000000003,93.77228000000001,2,kacha road,3.0,3g reliable,airtel#vodafone#bsnl,"kacha/temporary(wood,bamboo,etc.,)",none,60,monday#tuesday#wednesday#thursday#friday#saturday,1,1,tap water from government,N/A,yes,yes,yes,yes,discarded in open field burnt within the premises,yes,7,yes,0,none,N/A,no,no,traditional book,financial support#technical support,financial support#technical support,government agency,150,government agency,no,no,N/A,yes,yes,yes,none,1,43,sports#dance#art,20-40%,parallel studies,no,0-5,0.0,yes,government,food#books
1,2386,Education,Anganwadi Building,Papumpare,Doimukh,Lekha,27.1142,93.73624000000001,2,kacha road,4.0,3g reliable,airtel#vodafone#bsnl,"pakka/permanent(steel,concrete,etc.)",none,120,monday#tuesday#wednesday#thursday#friday#saturday,1,1,tap water from government,N/A,yes,no,yes,yes,discarded in open field burnt within the premises,yes,7,yes,24,none,N/A,no,no,traditional book,financial support#technical support,financial support#technical support,government agency,150,government agency,no,no,N/A,yes,yes,yes,none,1,19,sports#dance#art,0-10%,parallel studies,no,0-5,0.0,yes,government,food
2,2489,Education,Anganwadi Building,Papumpare,Parang,Parang,27.3305,93.50596999999999,1,pakka road,1.0,none,N/A,"pakka/permanent(steel,concrete,etc.)",none,240,monday#tuesday#wednesday#thursday#friday#saturday,1,1,tap water from government,N/A,yes,no,no,no,discarded in govt. designated sites,no,N/A,yes,3,none,N/A,no,no,traditional book,others,others,government agency,20,government agency,no,yes,not fixed,yes,yes,yes,off-site residential areas,2,22,sports,0-10%,parallel studies,no,0-5,1.0,yes,government,food
3,2521,Education,Anganwadi Building,Namsai,Namsai,Kaisu L/C,27.4133,96.24263,2,pakka road,0.2,3g unreliable,jio#bsnl#airtel,"pakka/permanent(steel,concrete,etc.)",none,180,monday#tuesday#wednesday#thursday#friday#saturday,1,1,others,N/A,no,N/A,N/A,N/A,none,no,N/A,no,N/A,none,N/A,no,no,traditional book,others,others,none,150,self-created others,no,yes,not fixed,yes,yes,yes,none,1,10,sports,0-10%,others,no,6-10,0.0,no,N/A,food
6,2589,Education,Anganwadi Building,Tawang,Kitpi,Kitpi,27.5689,91.89838,10,kacha road,1.0,2g reliable,airtel#vodafone#bsnl,"pakka/permanent(steel,concrete,etc.)",none,300,monday#wednesday#tuesday#thursday#friday#saturday,0,2,tap water from government,N/A,yes,no,yes,yes,discarded in govt. designated sites,yes,5,yes,2,solar unit,2.0,no,no,traditional book,financial support#technical support#transport support,financial support#technical support#transportation support,government agency,1500,government agency,no,yes,atleast once in three month,yes,yes,no,none,1,15,others#dance,0-10%,parallel studies,no,0-5,0.0,yes,government,food
9,2611,Education,Anganwadi Building,Lower Subansiri,Yachuli,Toon,27.463620000000002,93.77408,1,kacha road with block point,1.0,3g reliable,airtel#bsnl#vodafone,"kacha/temporary(wood,bamboo,etc.,)",none,180,monday#tuesday#wednesday#thursday#friday,1,1,others,N/A,no,N/A,N/A,N/A,discarded in open field burnt within the premises,yes,3,no,N/A,none,N/A,no,no,traditional book,financial support,financial support,government agency,100,government agency,no,yes,not fixed,yes,yes,yes,none,1,20,sports#dance,0-10%,parallel studies,no,0-5,0.0,no,N/A,food#books
10,2757,Education,Anganwadi Building,Tawang,Mukto,Mukto,27.546940000000003,91.90682,0,footway,0.6,4g unreliable,airtel#vodafone#bsnl,"pakka/permanent(steel,concrete,etc.)",none,360,monday,2,4,tap water from government,N/A,yes,no,yes,no,discarded in open field burnt within the premises,no,N/A,no,N/A,none,N/A,no,no,traditional book,none,none,none,150,self-created others,no,no,N/A,yes,no,no,none,1,20,others,10-20%,others,no,0-5,0.0,yes,government,food
11,3130,Education,Anganwadi Building,Papumpare,Doimukh,Chiputa,27.180970000000002,93.77671,1,kacha road,1.0,4g+ reliable,vodafone#airtel#jio,"kacha/temporary(wood,bamboo,etc.,)",none,60,monday#tuesday#wednesday#thursday#friday#saturday,1,2,bottled water,20.0,yes,no,yes,yes,discarded in open field burnt within the premises,yes,1,yes,1,none,N/A,no,no,traditional book,financial support,none,government agency,500,government agency,no,no,N/A,yes,yes,yes,none,1,20,dance#others,0-10%,parallel studies,no,0-5,0.0,yes,ngos#government,food#books#other
12,3179,Education,Anganwadi Building,West Kameng,Dirang,Dirang,27.337229999999998,92.27051999999999,0,pakka road,0.3,4g unreliable,airtel#bsnl#vodafone,"kacha/temporary(wood,bamboo,etc.,)",none,180,monday#tuesday#wednesday#thursday#friday,3,6,tap water from government,N/A,no,N/A,N/A,N/A,discarded in water bodies,no,N/A,no,N/A,none,N/A,no,no,traditional book,technical support,technical support,none,150,government agency,no,no,N/A,yes,yes,no,none,2,20,others,20-40%,others,no,0-5,0.0,yes,government,other
13,3222,Education,Anganwadi Building,Tawang,Lumla,Manpat,27.533690000000004,91.71893,1,pakka road,0.6,4g unreliable,airtel#vodafone#bsnl,"kacha/temporary(wood,bamboo,etc.,)",none,240,monday#wednesday,1,3,tap water from government,N/A,no,N/A,N/A,N/A,discarded in open field burnt within the premises,yes,4,no,N/A,none,N/A,no,no,traditional book,none,others,government agency,250,self-created others,no,no,N/A,yes,yes,no,off-site residential areas,1,4,sports#dance,0-10%,others,no,0-5,0.0,yes,government,food#books
14,3270,Education,Anganwadi Building,Lower Subansiri,Ziro,Hari,27.584220000000002,93.84496,1,kacha road,3.0,2g unreliable,airtel#vodafone#bsnl,"pakka/permanent(steel,concrete,etc.)",none,180,monday#tuesday#wednesday#thursday#friday#saturday,1,1,others,N/A,no,N/A,N/A,N/A,discarded in open field burnt within the premises,no,N/A,no,N/A,none,N/A,no,no,traditional book,others,others,government agency,10,government agency,no,yes,not fixed,yes,no,yes,dormitories,1,19,others,0-10%,others,no,0-5,1.0,yes,government,food#books
15,3312,Education,Anganwadi Building,Lower Subansiri,Ziro,Hari,27.58448,93.84591,1,kacha road,3.0,2g unreliable,airtel#bsnl#vodafone,"kacha/temporary(wood,bamboo,etc.,)",none,180,monday#tuesday#wednesday#thursday#friday#saturday,1,1,others,N/A,no,N/A,N/A,N/A,discarded in open field burnt within the premises,yes,7,no,N/A,none,N/A,no,no,traditional book,others,others,government agency,12,government agency,no,yes,not fixed,yes,yes,yes,off-site residential areas,1,14,dance#sports,0-10%,others,no,0-5,0.0,no,N/A,food#uniform#travel#books
16,3507,Education,Anganwadi Building,Lower Subansiri,Ziro,Hija,27.613559999999996,93.85948,1,kacha road,1.6,2g reliable,airtel#vodafone#bsnl,"kacha/temporary(wood,bamboo,etc.,)",none,120,monday#tuesday#wednesday#thursday#friday,2,1,tap water from government,N/A,no,N/A,N/A,N/A,discarded in open field burnt within the premises,yes,5,no,N/A,none,N/A,no,no,traditional book,none,none,supplier in other states,40,self-created others,no,no,N/A,yes,yes,no,off-site residential areas,1,2,others,0-10%,others,no,0-5,0.0,no,N/A,books
18,3661,Education,Anganwadi Building,Papumpare,Sangdupota,Jote,27.04062,93.45761999999999,2,kacha road,1.0,2g reliable,bsnl,"kacha/temporary(wood,bamboo,etc.,)",none,240,monday#tuesday#wednesday#friday#thursday#saturday,1,1,others,N/A,no,N/A,N/A,N/A,discarded in open field burnt within the premises,no,N/A,no,N/A,none,N/A,no,no,traditional book,none,financial support#technical support#others,government agency,24,government agency,no,no,N/A,no,N/A,no,none,1,21,others,0-10%,others,no,0-5,0.0,no,N/A,food
19,3667,Education,Anganwadi Building,Papumpare,Sangdupota,Jote,27.03926,93.46919,2,kacha road,1.0,3g unreliable,bsnl,"pakka/permanent(steel,concrete,etc.)",compound wall\/fencing,180,monday#tuesday#wednesday#thursday#friday#saturday,1,1,others,N/A,no,N/A,N/A,N/A,none,no,N/A,no,N/A,none,N/A,no,no,traditional book,none,others,government agency,16,government agency,no,no,N/A,no,N/A,no,none,1,27,others,0-10%,others,no,0-5,0.0,no,N/A,food
20,3989,Education,Anganwadi Building,Lower Subansiri,Ziro (Sadar),Hong Niitii,27.55808,93.84963,3,footway,3.0,3g reliable,airtel#vodafone#bsnl,"kacha/temporary(wood,bamboo,etc.,)",none,240,monday#tuesday#wednesday#thursday#friday,4,2,tap water from government,N/A,yes,no,yes,no,discarded in open field burnt within the premises,yes,1,no,N/A,none,N/A,no,no,traditional book,financial support,financial support,government agency,20,self-created others,no,no,N/A,yes,yes,yes,off-site residential areas,1,7,others,0-10%,others#lack of awareness,no,0-5,0.0,no,N/A,books#food
21,4137,Education,Anganwadi Building,Lower Subansiri,Ziro,Hija,27.64187,93.92933000000001,1,pakka road,3.0,2g reliable,vodafone#airtel#bsnl,"pakka/permanent(steel,concrete,etc.)",none,0,friday#thursday#wednesday#tuesday#monday,0,0,tap water from government,N/A,no,N/A,N/A,N/A,none,no,N/A,no,N/A,none,N/A,no,no,traditional book,others,none,none,40,government agency,no,no,N/A,no,N/A,no,none,1,1,others,0-10%,others,no,0-5,0.0,no,N/A,other
22,4290,Education,Anganwadi Building,Lower Subansiri,Ziro,Hari,27.58369,93.84111,1,kacha road,1.0,2g unreliable,airtel#vodafone#bsnl,"pakka/permanent(steel,concrete,etc.)",none,240,monday#tuesday#wednesday#thursday#friday#saturday,1,1,tap water from government,N/A,yes,yes,yes,yes,discarded in open field burnt within the premises,yes,6,no,N/A,none,N/A,no,no,traditional book,financial support,none,government agency,10,government agency,no,yes,not fixed,yes,yes,yes,off-site residential areas,1,10,sports#dance#art,10-20%,others,no,0-5,0.0,yes,government,food#uniform#books#other
23,4508,Education,Anganwadi Building,Lower Subansiri,Ziro,Hija,27.567559999999997,93.86148,1,pakka road,2.0,2g reliable,airtel#vodafone#bsnl,"pakka/permanent(steel,concrete,etc.)",none,180,friday#thursday#wednesday#tuesday#monday,2,1,tap water from government,N/A,no,N/A,N/A,N/A,discarded in open field burnt within the premises,yes,5,no,N/A,none,N/A,no,no,traditional book,none,none,none,50,supplier in other states,no,no,N/A,no,N/A,no,none,1,5,others,0-10%,health issues,no,0-5,0.0,no,N/A,other
24,4778,Education,Anganwadi Building,Lower Subansiri,Ziro,Dutta,27.647170000000003,93.88741999999999,1,footway,1.0,2g reliable,bsnl#vodafone#airtel,"pakka/permanent(steel,concrete,etc.)",none,180,friday#thursday#wednesday#tuesday#monday,2,1,tap water from government,N/A,no,N/A,N/A,N/A,discarded in open field burnt within the premises,yes,5,no,N/A,none,N/A,no,no,traditional book,none,none,none,50,supplier in other states,no,no,N/A,yes,yes,no,none,1,5,others,0-10%,health issues,no,0-5,0.0,no,N/A,other
25,4840,Education,Anganwadi Building,Lower Subansiri,Ziro,Modang Tage,27.576079999999997,93.83208,2,pakka road,5.0,3g unreliable,airtel#vodafone#bsnl,"kacha/temporary(wood,bamboo,etc.,)",none,240,monday#tuesday#wednesday#thursday#friday#saturday,1,1,tap water from government,N/A,yes,no,no,no,discarded in open field burnt within the premises,yes,6,yes,2,solar unit,5.0,no,no,traditional book,financial support,financial support,local supplier,22,government agency,no,no,N/A,yes,no,no,dormitories,1,10,others,0-10%,health issues,no,0-5,0.0,no,N/A,food
26,4868,Education,Anganwadi Building,Papumpare,Doimukh,Soppo,27.21347,93.79833,5,kacha road,1.0,2g unreliable,airtel#vodafone#jio,"kacha/temporary(wood,bamboo,etc.,)",none,180,monday#tuesday#wednesday#thursday#friday,1,1,others,N/A,no,N/A,N/A,N/A,discarded in water bodies,yes,2,yes,2,none,N/A,no,no,traditional book,financial support#technical support,financial support,government agency,150,government agency,no,yes,once a year,yes,yes,no,none,1,25,sports,0-10%,parallel studies,no,0-5,0.0,no,N/A,food#books
27,4869,Education,Anganwadi Building,Papumpare,Doimukh,Soppo,27.21317,93.79795,6,kacha road,1.0,2g unreliable,airtel#vodafone#jio,"kacha/temporary(wood,bamboo,etc.,)",none,180,monday#tuesday#wednesday#thursday#friday,1,1,ground water,10.0,no,no,yes,no,discarded in water bodies,yes,3,yes,2,none,N/A,no,no,others,financial support#technical support,financial support#technical support,government agency,200,government agency,no,yes,once a year,yes,no,no,none,2,10,sports,0-10%,lack of awareness,no,0-5,0.0,no,N/A,food#books
30,4876,Education,Anganwadi Building,Papumpare,Doimukh,Soppo,27.202690000000004,93.79241999999999,3,kacha road,1.0,2g reliable,airtel#jio#vodafone,"kacha/temporary(wood,bamboo,etc.,)",none,900,wednesday,0,0,tap water from government,N/A,no,N/A,N/A,N/A,discarded in open field burnt within the premises,no,N/A,yes,8,none,N/A,no,no,record is not maintained,none,none,none,150,supplier in other states,no,no,N/A,no,N/A,no,none,1,3,sports,0-10%,lack of awareness,no,0-5,0.0,no,N/A,food
31,4882,Education,Anganwadi Building,Lower Subansiri,Ziro,Keiliya,27.63656,93.83354,1,pakka road,3.0,2g reliable,bsnl#vodafone#airtel,"pakka/permanent(steel,concrete,etc.)",none,180,wednesday#tuesday#monday#thursday#friday,2,1,tap water from government,N/A,no,N/A,N/A,N/A,discarded in water bodies,no,N/A,no,N/A,none,N/A,no,no,traditional book,none,none,supplier in other states,40,supplier in other states,no,no,N/A,no,N/A,no,none,1,2,others,0-10%,health issues,no,0-5,0.0,no,N/A,other
32,5024,Education,Anganwadi Building,Lower Subansiri,Ziro,Michi,27.56907,93.82803,1,kacha road,0.5,3g reliable,airtel#bsnl#vodafone,"pakka/permanent(steel,concrete,etc.)",watchman,240,monday#tuesday#wednesday#thursday#friday#saturday,2,1,tap water from government,N/A,yes,no,yes,yes,discarded in open field burnt within the premises,yes,more than 7 times a week,no,N/A,none,N/A,no,no,traditional book,financial support#technical support#others,financial support#technical support#others,government agency,1.5,self-created others,no,no,N/A,yes,yes,yes,off-site residential areas,1,15,sports#dance#art,10-20%,lack of awareness#others,no,0-5,0.0,yes,government,food#books#other
33,5072,Education,Anganwadi Building,Papumpare,Gumto,Gumto,27.137790000000003,93.80529,10,pakka road,6.0,4g+ reliable,airtel#bsnl#jio,"kacha/temporary(wood,bamboo,etc.,)",none,660,monday#wednesday#friday#tuesday#thursday,2,1,ground water,N/A,no,N/A,N/A,N/A,discarded in open field burnt within the premises,no,N/A,no,N/A,none,N/A,no,no,traditional book,none,technical support,government agency,55,government agency,no,yes,atleast once a month,yes,yes,no,off-site residential areas,1,35,dance,10-20%,lack of awareness,no,11-20,0.0,no,,food
34,5311,Education,Anganwadi Building,Papumpare,Doimukh,Mani,27.176090000000002,93.77035,1,kacha road,1.0,4g+ reliable,airtel#vodafone#bsnl#jio,"kacha/temporary(wood,bamboo,etc.,)",none,180,monday#tuesday#wednesday#thursday#friday#saturday,1,1,others,N/A,no,N/A,N/A,N/A,discarded in open field burnt within the premises,no,N/A,no,N/A,none,N/A,no,no,traditional book,none,none,government agency,12,government agency,no,yes,once a year,yes,yes,yes,none,1,26,dance#art,10-20%,parallel studies,no,0-5,0.0,yes,ngos#government,food#books
35,5405,Education,Anganwadi Building,Lower Subansiri,Ziro,Hija,27.60649,93.86346999999999,1,pakka road,1.5,2g reliable,bsnl#vodafone#airtel,"pakka/permanent(steel,concrete,etc.)",compound wall\/fencing,180,friday#thursday#wednesday#tuesday#monday,1,1,tap water from government,N/A,no,N/A,N/A,N/A,discarded in open field burnt within the premises,yes,5,no,N/A,none,N/A,no,no,traditional book,none,none,supplier in other states,200,supplier in other states,no,no,N/A,no,N/A,no,none,2,5,others,0-10%,lack of awareness#health issues,no,0-5,0.0,no,N/A,other
36,5464,Education,Anganwadi Building,Papumpare,Banderdewa,Kharsingsa,27.11457,93.77864,1,kacha road,1.0,none,N/A,"kacha/temporary(wood,bamboo,etc.,)",none,180,monday#tuesday#wednesday#thursday#friday,2,2,bottled water,20.0,no,N/A,N/A,N/A,none,no,N/A,no,N/A,none,N/A,no,no,traditional book,financial support,financial support,none,600,government agency,no,no,N/A,no,N/A,no,none,1,40,others,>40%,lack of awareness,no,0-5,0.0,no,N/A,other
37,5577,Education,Anganwadi Building,Papumpare,Toru,Dokte Hoj,27.253790000000002,93.80858,9,kacha road with block point,3.0,4g+ reliable,vodafone#airtel#bsnl,"kacha/temporary(wood,bamboo,etc.,)",none,399,monday#tuesday#wednesday#thursday#friday#saturday,2,2,others,N/A,no,N/A,N/A,N/A,none,yes,1,no,N/A,others,2.0,no,no,traditional book,none,others,government agency,50,self-created others,no,no,N/A,yes,yes,no,none,1,15,others,0-10%,others,no,0-5,0.0,no,N/A,books
38,5719,Education,Anganwadi Building,Lower Subansiri,Ziro,Kalong,27.59555,93.84104,1,footway,1.0,2g reliable,airtel#vodafone#bsnl,"kacha/temporary(wood,bamboo,etc.,)",none,480,monday#tuesday#wednesday#thursday#friday#saturday,2,2,ground water,N/A,no,N/A,N/A,N/A,discarded in open field burnt within the premises,yes,more than 7 times a week,no,N/A,none,N/A,no,no,traditional book,none,none,none,60,self-created others,no,no,N/A,no,N/A,no,none,1,15,others,0-10%,others,yes,6-10,0.0,no,,food
39,5720,Education,Anganwadi Building,Lower Subansiri,Ziro,Kalong,27.59605,93.84201,1,footway,1.0,2g reliable,airtel#vodafone#bsnl,"pakka/permanent(steel,concrete,etc.)",none,480,monday#tuesday#wednesday#thursday#friday#saturday,2,2,ground water,N/A,no,N/A,N/A,N/A,discarded in open field burnt within the premises,yes,more than 7 times a week,no,N/A,none,N/A,no,no,traditional book,none,none,none,100,government agency,no,no,N/A,no,N/A,no,none,1,10,others,0-10%,others,no,0-5,0.0,no,N/A,food
40,6208,Education,Anganwadi Building,Lower Subansiri,Ziro,Hari,27.58697,93.84532,5,kacha road,2.0,2g unreliable,airtel#vodafone#bsnl,"pakka/permanent(steel,concrete,etc.)",none,120,monday#tuesday#wednesday#thursday#friday#saturday,1,1,bottled water,20.0,no,N/A,N/A,N/A,discarded in open field burnt within the premises,no,N/A,no,N/A,none,N/A,no,no,traditional book,none,none,local supplier,30,self-created others,no,no,N/A,no,N/A,no,none,1,16,others,10-20%,lack of awareness,no,0-5,0.0,no,N/A,other#food#books
41,6210,Education,Anganwadi Building,West Siang,Aalo,Kugi Pomte,28.18559,93.4676,2,pakka road,5.0,4g+ reliable,vodafone,"kacha/temporary(wood,bamboo,etc.,)",none,300,monday#tuesday#wednesday#thursday#friday#saturday,1,1,tap water from government,N/A,no,N/A,N/A,N/A,discarded in open field burnt within the premises,no,N/A,no,N/A,none,N/A,no,no,traditional book,financial support,financial support,government agency,100,government agency,no,no,N/A,yes,yes,yes,none,1,16,sports,0-10%,health issues,no,0-5,0.0,no,,food#books
42,6231,Education,Anganwadi Building,Lower Subansiri,Ziro,Hari,27.58448,93.84591,1,kacha road,3.0,2g unreliable,airtel#bsnl#vodafone,"kacha/temporary(wood,bamboo,etc.,)",none,180,monday#tuesday#wednesday#thursday#friday#saturday,1,1,others,N/A,no,N/A,N/A,N/A,discarded in open field burnt within the premises,yes,7,no,N/A,none,N/A,no,no,traditional book,others,others,government agency,12,government agency,no,yes,not fixed,yes,yes,yes,off-site residential areas,1,14,dance#sports,0-10%,others,no,0-5,0.0,no,N/A,food#uniform#travel#books
43,6240,Education,Anganwadi Building,West Siang,Aalo,Kugi Pomse,28.35653,93.54999000000001,2,kacha road,5.0,4g+ reliable,vodafone,"kacha/temporary(wood,bamboo,etc.,)",none,300,monday#wednesday#tuesday#thursday#friday,1,1,tap water from government,N/A,no,N/A,N/A,N/A,discarded in open field burnt within the premises,no,N/A,no,N/A,none,N/A,no,no,traditional book,financial support,financial support,government agency,200,government agency,no,no,N/A,yes,yes,yes,none,1,15,dance,0-10%,health issues,no,0-5,0.0,yes,government,uniform#food#books
44,6339,Education,Anganwadi Building,Papumpare,Doimukh,Chiputa,27.18368,93.78156,2,footway,1.0,4g+ reliable,airtel#vodafone#bsnl#jio,"kacha/temporary(wood,bamboo,etc.,)",none,60,monday#tuesday#wednesday#thursday#friday#saturday,1,1,tap water from government,N/A,yes,no,yes,no,none,no,N/A,no,N/A,none,N/A,no,no,record is not maintained,none,none,government agency,20,government agency,no,no,N/A,yes,yes,no,none,1,1,dance,0-10%,lack of awareness#parallel studies,no,0-5,1.0,no,N/A,food
46,6430,Education,Anganwadi Building,Lower Subansiri,Ziro,Reru,27.596090000000004,93.84185,1,footway,1.0,2g reliable,airtel#vodafone#bsnl,"kacha/temporary(wood,bamboo,etc.,)",none,420,monday#tuesday#wednesday#thursday#friday#saturday,2,2,ground water,N/A,no,N/A,N/A,N/A,discarded in open field burnt within the premises,yes,more than 7 times a week,no,N/A,none,N/A,no,no,traditional book,none,none,government agency,18.11,government agency,no,no,N/A,no,N/A,no,none,1,10,others,0-10%,others,yes,0-5,0.0,yes,government,food
47,6615,Education,Anganwadi Building,Lower Subansiri,Ziro,Reru,27.59651,93.84251,1,footway,1.0,2g reliable,airtel#vodafone#bsnl,"kacha/temporary(wood,bamboo,etc.,)",none,420,monday#tuesday#wednesday#thursday#friday#saturday,2,2,ground water,N/A,no,N/A,N/A,N/A,discarded in open field burnt within the premises,yes,more than 7 times a week,yes,1,none,N/A,no,no,traditional book,none,none,government agency,30.25,government agency,no,no,N/A,no,N/A,no,none,1,11,others,10-20%,others,yes,0-5,0.0,yes,government,food
48,6685,Education,Anganwadi Building,West Siang,Kamba,Kambu,28.261879999999998,94.68138,3,kacha road,6.0,3g reliable,airtel#vodafone#bsnl,"kacha/temporary(wood,bamboo,etc.,)",none,180,sunday#saturday#thursday#wednesday#tuesday#friday#monday,1,2,tap water from government,N/A,no,N/A,N/A,N/A,discarded in open field burnt within the premises,no,N/A,no,N/A,none,N/A,no,no,traditional book,technical support#financial support,technical support#financial support,government agency,70,self-created others,no,yes,not fixed,yes,yes,no,none,1,18,sports#dance#art,0-10%,lack of awareness,no,0-5,0.0,no,N/A,food
51,6788,Education,Anganwadi Building,Lower Subansiri,Ziro,Hari,27.58365,93.84129,1,kacha road,2.0,2g unreliable,airtel#vodafone#bsnl,"pakka/permanent(steel,concrete,etc.)",none,180,monday#tuesday#wednesday#thursday#friday#saturday,1,1,bottled water,20.0,yes,no,no,no,discarded in open field burnt within the premises,yes,6,no,N/A,none,N/A,no,no,traditional book,others,others,government agency,15,government agency,no,yes,not fixed,yes,no,yes,off-site residential areas,1,9,others,0-10%,others,no,0-5,0.0,yes,government,food#books#uniform
52,6899,Education,Anganwadi Building,Lower Subansiri,Ziro,Reru,27.596529999999998,93.84604,1,pakka road,1.0,2g reliable,airtel#vodafone#bsnl,"kacha/temporary(wood,bamboo,etc.,)",none,420,monday#tuesday#wednesday#thursday#friday#saturday#sunday,2,2,ground water,N/A,no,N/A,N/A,N/A,discarded in open field burnt within the premises,yes,more than 7 times a week,no,N/A,none,N/A,no,no,traditional book,technical support,financial support,local supplier,20.1,local supplier,no,no,N/A,no,no,no,none,1,15,others,0-10%,others,yes,0-5,0.0,no,,food
53,7046,Education,Anganwadi Building,Lower Subansiri,Ziro,Lempiya,27.56973,93.87318,2,kacha road,2.0,2g reliable,airtel#bsnl#vodafone,"kacha/temporary(wood,bamboo,etc.,)",none,240,monday#tuesday#wednesday#thursday#saturday#friday,1,1,tap water from government,N/A,no,N/A,N/A,N/A,discarded in open field burnt within the premises,yes,4,no,N/A,none,N/A,no,no,traditional book,financial support,financial support,government agency,100,self-created others,no,no,N/A,no,N/A,no,dormitories,2,8,others,0-10%,lack of awareness,no,0-5,0.0,yes,government,food
54,7051,Education,Anganwadi Building,Lower Subansiri,Ziro,Lempiya,27.5892,93.86494,2,kacha road,2.0,2g reliable,airtel#bsnl#vodafone,"kacha/temporary(wood,bamboo,etc.,)",none,300,monday#tuesday#wednesday#thursday#friday#saturday,1,1,tap water from government,N/A,no,N/A,N/A,N/A,discarded in open field burnt within the premises,no,N/A,no,N/A,none,N/A,no,no,traditional book,financial support,financial support,government agency,100,self-created others,no,no,N/A,no,N/A,no,off-site residential areas,1,8,others,0-10%,lack of awareness,no,0-5,0.0,no,N/A,books
56,7056,Education,Anganwadi Building,Lower Subansiri,Ziro,Tajang,27.57703,93.86768000000001,3,kacha road,2.0,2g reliable,airtel#vodafone#bsnl,"kacha/temporary(wood,bamboo,etc.,)",none,240,monday#tuesday#wednesday#thursday#friday#saturday,1,1,tap water from government,N/A,no,N/A,N/A,N/A,discarded in water bodies,yes,1,no,N/A,none,N/A,no,no,traditional book,financial support#technical support,financial support#technical support#others,government agency,24,self-created others,no,no,N/A,no,N/A,no,off-site residential areas,1,12,others,0-10%,parallel studies#lack of awareness#health issues,no,0-5,0.0,yes,communities,food
57,7059,Education,Anganwadi Building,Lower Subansiri,Old Ziro,Tajang,27.567290000000003,93.86494,2,kacha road,2.0,2g reliable,airtel#vodafone#bsnl,"kacha/temporary(wood,bamboo,etc.,)",none,240,monday#tuesday#wednesday#thursday#friday#saturday,1,1,tap water from government,N/A,no,N/A,N/A,N/A,discarded in water bodies,yes,1,no,N/A,none,N/A,no,no,traditional book,financial support#others#technical support,financial support#technical support#others,government agency,18,self-created others,no,no,N/A,no,N/A,no,off-site residential areas,1,12,others,0-10%,lack of awareness#parallel studies,no,0-5,0.0,yes,government,food
58,7068,Education,Anganwadi Building,Lower Subansiri,Ziro,Lempiya,27.57703,93.82099000000001,3,footway,3.0,2g reliable,airtel#vodafone#bsnl,"kacha/temporary(wood,bamboo,etc.,)",compound wall\/fencing,240,monday#tuesday#wednesday#friday#saturday,1,1,tap water from government,N/A,no,N/A,N/A,N/A,discarded in open field burnt within the premises,no,1,no,N/A,none,N/A,no,no,traditional book,financial support,financial support,government agency,21,self-created others,no,no,N/A,no,N/A,no,off-site residential areas,1,8,others,0-10%,health issues#parallel studies#lack of awareness#accessibility,no,0-5,0.0,no,N/A,food
60,7225,Education,Anganwadi Building,Lower Subansiri,Ziro (Sadar),Hong Niitii,27.557470000000002,93.84982,1,pakka road,4.0,3g reliable,airtel#bsnl#vodafone,"pakka/permanent(steel,concrete,etc.)",none,195,monday#tuesday#wednesday#thursday#friday,2,2,tap water from government,N/A,yes,no,yes,yes,discarded in open field burnt within the premises,no,N/A,yes,1,none,N/A,no,no,traditional book,financial support,technical support,government agency,1400,self-created others,no,yes,atleast once in three month,yes,yes,no,off-site residential areas,2,7,others,0-10%,others,no,0-5,0.0,yes,government,food#uniform#books
61,7278,Education,Anganwadi Building,Lower Subansiri,Ziro,Bamin,27.569359999999996,93.82933,1,pakka road,0.5,3g reliable,airtel#vodafone#bsnl,"kacha/temporary(wood,bamboo,etc.,)",none,240,monday#tuesday#wednesday#thursday#friday#saturday,2,1,tap water from government,N/A,no,N/A,N/A,N/A,discarded in open field burnt within the premises,yes,more than 7 times a week,no,N/A,none,N/A,no,no,traditional book,financial support#others,others,government agency,300,government agency,no,no,N/A,yes,yes,yes,off-site residential areas,2,25,sports#dance#art#others,0-10%,lack of awareness,no,0-5,0.0,yes,government,food#uniform#books
62,751,Education,Anganwadi Building,Papumpare,Banderdewa,Karsingsa Complex,27.118140000000004,93.78155,1,kacha road,1.0,2g reliable,airtel,"kacha/temporary(wood,bamboo,etc.,)",none,180,monday#saturday#tuesday#wednesday#thursday#friday,2,2,tap water from government,N/A,no,N/A,N/A,N/A,discarded in govt. designated sites,yes,4,no,N/A,none,N/A,no,no,traditional book,financial support,financial support,government agency,50,government agency,no,yes,atleast once a month,yes,yes,yes,none,1,26,dance#sports,0-10%,health issues,no,0-5,0.0,yes,government,books#food
65,857,Education,Anganwadi Building,East Siang,Oyan,Sille Village,27.894709999999996,95.3054,1,kacha road,50.0,4g+ reliable,airtel#bsnl#jio,"kacha/temporary(wood,bamboo,etc.,)",none,120,monday#tuesday#wednesday#thursday#friday#saturday,1,2,tap water from government,N/A,no,N/A,N/A,N/A,discarded in open field burnt within the premises,no,N/A,no,N/A,none,N/A,no,no,traditional book,financial support,financial support,government agency,500,government agency,no,yes,not fixed,yes,yes,yes,none,1,19,dance#art,0-10%,health issues,no,0-5,0.0,no,N/A,books#food
67,859,Education,Anganwadi Building,East Siang,Oyan,Sille Village,27.90036,95.30256999999999,1,kacha road,0.0,4g+ reliable,airtel#bsnl#jio,"kacha/temporary(wood,bamboo,etc.,)",others,240,monday#tuesday#wednesday#thursday#friday#saturday,1,2,tap water from government,N/A,no,N/A,N/A,N/A,discarded in open field burnt within the premises,no,N/A,no,N/A,none,N/A,no,no,traditional book,financial support,others,government agency,12,government agency,no,yes,not fixed,yes,yes,yes,none,1,20,dance#art#sports,0-10%,health issues,no,0-5,0.0,no,N/A,books#food
71,864,Education,Anganwadi Building,East Siang,Oyan,Sille Village,27.901220000000002,95.30322,1,kacha road,0.0,4g+ reliable,airtel#bsnl#jio,"kacha/temporary(wood,bamboo,etc.,)",none,240,monday#tuesday#wednesday#thursday#friday#saturday,1,2,tap water from government,N/A,no,N/A,N/A,N/A,discarded in open field burnt within the premises,no,N/A,no,N/A,none,N/A,no,no,traditional book,financial support,others,government agency,11,government agency,no,yes,not fixed,yes,yes,yes,none,1,21,dance#art,0-10%,health issues,no,0-5,0.0,no,N/A,books#food
73,867,Education,Anganwadi Building,East Siang,Oyan,Sille Village,27.90205,95.30034,1,kacha road,0.0,4g+ reliable,airtel#bsnl#jio,"kacha/temporary(wood,bamboo,etc.,)",none,240,monday#tuesday#wednesday#thursday#friday#saturday,1,2,tap water from government,N/A,no,N/A,N/A,N/A,discarded in open field burnt within the premises,no,N/A,no,N/A,none,N/A,no,no,traditional book,financial support,none,government agency,13,government agency,no,yes,not fixed,yes,yes,yes,none,1,24,art#dance#sports,0-10%,health issues,no,0-5,0.0,no,N/A,books#food
75,897,Education,Anganwadi Building,Tirap,Khonsa,Kheti,26.959770000000002,95.51007,1,footway,0.6,4g+ reliable,airtel#jio,"kacha/temporary(wood,bamboo,etc.,)",none,150,monday#tuesday#wednesday#thursday#friday#saturday,2,2,others,N/A,no,N/A,N/A,N/A,discarded in open field burnt within the premises,yes,6,no,N/A,none,N/A,no,no,others,financial support,financial support,government agency,150,self-created others,no,yes,once a year,yes,no,yes,none,1,27,sports#dance#art,0-10%,others,no,0-5,0.0,yes,government,food#books
78,965,Education,Anganwadi Building,Changlang,Changlang,Changlang (CT),27.1353,95.72617,2,kacha road,0.6,4g unreliable,airtel#vodafone#bsnl#jio,"pakka/permanent(steel,concrete,etc.)",none,120,monday#tuesday#wednesday#thursday#friday#saturday,2,0,tap water from government,N/A,no,N/A,N/A,N/A,discarded in open field burnt within the premises,no,N/A,no,N/A,none,N/A,no,no,traditional book,financial support#technical support,financial support#technical support,government agency,40,government agency,no,no,N/A,yes,yes,no,none,2,15,sports,0-10%,others,no,0-5,0.0,yes,government#communities,food#books#other
79,999,Education,Anganwadi Building,Tirap,Khonsa,Khonsa I,27.0006,95.50953,1,pakka road,0.5,4g+ reliable,airtel#vodafone#bsnl#jio,"pakka/permanent(steel,concrete,etc.)",none,210,monday#tuesday#wednesday#thursday#friday#saturday,4,1,others,N/A,no,N/A,N/A,N/A,discarded in open field burnt within the premises,yes,1,no,N/A,none,N/A,no,no,traditional book,others,technical support#others,government agency,500,self-created others,no,yes,atleast once a month,yes,yes,yes,none,1,15,sports#others,0-10%,others,no,0-5,0.0,yes,government,books#food
80,1040,Education,Anganwadi Building,Tirap,Khonsa,Kaimoi,27.03828,95.49868000000001,1,footway,3.0,4g+ reliable,airtel,"pakka/permanent(steel,concrete,etc.)",none,180,monday#tuesday#wednesday#thursday#friday,2,0,others,N/A,no,N/A,N/A,N/A,none,no,N/A,yes,2,none,N/A,no,no,traditional book,none#others,others,government agency,25,self-created others,no,no,N/A,yes,no,no,none,1,5,others,0-10%,others,no,0-5,0.0,no,N/A,food
81,1048,Education,Anganwadi Building,East Siang,Pasighat,Rengging,28.141409999999997,95.27411,3,pakka road,1.0,2g reliable,airtel#vodafone#bsnl#jio,"pakka/permanent(steel,concrete,etc.)",none,300,monday#tuesday#wednesday#thursday#friday#saturday,1,1,tap water from government,N/A,yes,no,yes,no,discarded in open field burnt within the premises,no,N/A,no,N/A,none,N/A,no,no,traditional book,financial support,none,government agency,50,self-created others,no,yes,once a year,yes,yes,yes,none,1,4,others,0-10%,lack of awareness,no,0-5,0.0,yes,government,food#books
83,1196,Education,Anganwadi Building,Papumpare,Sangdupota,Poma,27.075090000000003,93.52238,1,kacha road,1.0,2g reliable,jio#bsnl,"pakka/permanent(steel,concrete,etc.)",none,180,monday#tuesday#wednesday#thursday#friday#saturday,1,1,others,N/A,no,N/A,N/A,N/A,none,no,N/A,no,N/A,none,N/A,no,no,traditional book,financial support#technical support,financial support#technical support,government agency,20,government agency,no,no,N/A,yes,yes,yes,dormitories,1,23,others,0-10%,others,no,0-5,0.0,no,N/A,food#other
89,1308,Education,Anganwadi Building,Lower Subansiri,Ziro,Tajang,27.599559999999997,93.82524000000001,2,pakka road,1.0,4g unreliable,airtel#vodafone#bsnl,"kacha/temporary(wood,bamboo,etc.,)",none,180,monday#tuesday#wednesday#thursday#friday,2,1,tap water from government,N/A,yes,no,no,no,discarded in open field burnt within the premises,no,N/A,no,N/A,none,N/A,no,no,traditional book,technical support,technical support,government agency,200,self-created others,no,no,N/A,yes,yes,yes,none,1,12,dance,0-10%,health issues,no,0-5,0.0,yes,government,food#books
90,1313,Education,Anganwadi Building,Lower Subansiri,Ziro,Tajang,27.601440000000004,93.8367,3,kacha road,2.0,4g unreliable,airtel#vodafone#bsnl,"kacha/temporary(wood,bamboo,etc.,)",none,180,monday#tuesday#wednesday#thursday#friday,2,1,others,N/A,no,N/A,N/A,N/A,discarded in open field burnt within the premises,no,N/A,no,N/A,none,N/A,no,no,traditional book,technical support,technical support,government agency,150,self-created others,no,yes,atleast once a six month,yes,yes,no,none,1,9,dance,0-10%,health issues,no,0-5,0.0,no,N/A,food#books
91,1328,Education,Anganwadi Building,Lower Subansiri,Ziro,Siro,27.52729,93.83966,2,kacha road,3.0,2g unreliable,airtel#bsnl,"kacha/temporary(wood,bamboo,etc.,)",none,360,monday#tuesday#wednesday#thursday#friday,1,1,tap water from government,N/A,yes,no,yes,no,discarded in open field burnt within the premises,yes,1,no,N/A,none,N/A,no,no,traditional book,financial support#technical support,financial support#technical support,government agency,50,self-created others,no,yes,once a year,yes,yes,yes,none,2,20,dance#sports#art,0-10%,health issues,no,0-5,0.0,no,,food#uniform#books
92,1340,Education,Anganwadi Building,Lohit,Tezu,Laboliang,27.983970000000003,96.17941,5,kacha road,1.0,4g+ reliable,airtel#vodafone#bsnl#jio,"pakka/permanent(steel,concrete,etc.)",none,210,monday#tuesday#wednesday#thursday#friday#saturday,1,1,others,N/A,yes,no,no,no,discarded in open field burnt within the premises,no,N/A,no,N/A,none,N/A,no,no,traditional book,financial support#technical support,financial support#technical support,government agency,104,self-created others,no,no,N/A,yes,no,yes,none,1,15,others,0-10%,others,no,6-10,0.0,no,N/A,food#books#uniform
94,1360,Education,Anganwadi Building,East Siang,Oyan,Oyan Village,27.88862,95.3303,1,kacha road with block point,6.0,4g+ reliable,airtel#vodafone#bsnl#jio,"kacha/temporary(wood,bamboo,etc.,)",none,240,monday#tuesday#wednesday#thursday#friday#saturday,2,3,others,N/A,no,N/A,N/A,N/A,discarded in open field burnt within the premises,yes,2,no,N/A,none,N/A,no,no,traditional book,financial support,financial support,government agency,600,government agency,no,yes,atleast once a six month,yes,yes,yes,none,1,40,sports#dance,0-10%,lack of awareness,no,21-40,0.0,yes,government,food#uniform#books
95,1385,Education,Anganwadi Building,West Kameng,Shergaon,Jigaon,27.12172,92.25605999999999,1,kacha road,24.0,4g unreliable,airtel#bsnl,"kacha/temporary(wood,bamboo,etc.,)",none,240,monday#tuesday#wednesday#thursday#friday,1,1,tap water from government,N/A,no,N/A,N/A,N/A,discarded in open field burnt within the premises,yes,3,no,N/A,none,N/A,no,no,traditional book,financial support,financial support,government agency,131.6,government agency,no,yes,atleast once a month,yes,yes,no,none,1,31,sports#dance#art,0-10%,others,no,0-5,0.0,yes,government,food#books
96,1386,Education,Anganwadi Building,West Kameng,Shergaon,Shergaon,27.125529999999998,92.26469,1,kacha road,24.0,4g unreliable,airtel#bsnl,"pakka/permanent(steel,concrete,etc.)",none,240,monday#tuesday#wednesday#thursday#friday,1,1,others,N/A,no,N/A,N/A,N/A,discarded in open field burnt within the premises,yes,3,no,N/A,none,N/A,no,no,traditional book,financial support,financial support,government agency,360,government agency,no,yes,atleast once a month,yes,yes,no,none,1,18,sports#dance#art,0-10%,others,no,0-5,0.0,yes,government,food#books
97,1387,Education,Anganwadi Building,West Kameng,Shergaon,Shergaon,27.13206,92.26279,1,pakka road,24.0,4g unreliable,airtel#bsnl,"pakka/permanent(steel,concrete,etc.)",none,240,monday#tuesday#wednesday#thursday#friday,1,1,tap water from government,N/A,no,N/A,N/A,N/A,discarded in open field burnt within the premises,yes,3,no,N/A,none,N/A,no,no,traditional book,financial support,financial support,government agency,324,government agency,no,yes,atleast once a month,yes,yes,no,none,1,16,dance#art#sports,0-10%,others,no,0-5,0.0,yes,government,food#books
98,1404,Education,Anganwadi Building,Lower Subansiri,Ziro,Hari,27.58465,93.84275,2,kacha road,2.0,3g unreliable,airtel#bsnl#vodafone,"kacha/temporary(wood,bamboo,etc.,)",none,180,monday#tuesday#wednesday#thursday#friday#saturday,1,1,others,N/A,no,N/A,N/A,N/A,discarded in open field burnt within the premises,no,N/A,no,N/A,none,N/A,no,no,traditional book,financial support#technical support,financial support#technical support,government agency,150,self-created others,no,yes,once a year,yes,no,yes,none,1,20,art#dance,0-10%,others,no,0-5,0.0,no,N/A,books#uniform#food
99,1512,Education,Anganwadi Building,Shi-Yomi,Monigong,Karle,28.739209999999996,94.30121,2,pakka road,1.0,2g unreliable,bsnl,"kacha/temporary(wood,bamboo,etc.,)",none,480,sunday#saturday,0,2,ground water,N/A,no,N/A,N/A,N/A,none,no,N/A,no,N/A,none,N/A,no,no,traditional book,none,none,government agency,12,self-created others,no,no,N/A,yes,no,no,none,1,25,others,>40%,others,no,0-5,0.0,no,N/A,other
100,1517,Education,Anganwadi Building,Shi-Yomi,Monigong,Karle,28.739990000000002,94.311,2,kacha road with block point,3.0,2g unreliable,bsnl,"kacha/temporary(wood,bamboo,etc.,)",others,480,monday#wednesday#friday,0,2,ground water,N/A,no,N/A,N/A,N/A,discarded in open field burnt within the premises,no,N/A,no,N/A,none,N/A,no,no,traditional book,none,none,government agency,50,self-created others,no,yes,not fixed,yes,no,no,none,1,30,others,>40%,lack of awareness#accessibility,no,0-5,0.0,no,N/A,other#food#uniform#books
102,1558,Education,Anganwadi Building,East Siang,Mebo,Mottum,28.08,95.43847,1,kacha road,1.0,4g+ reliable,jio,"kacha/temporary(wood,bamboo,etc.,)",none,120,monday#tuesday#wednesday#thursday#friday#saturday,1,1,others,N/A,no,N/A,N/A,N/A,discarded in open field burnt within the premises,yes,1,no,N/A,none,N/A,no,no,traditional book,financial support,financial support,government agency,30,government agency,no,yes,atleast once a six month,yes,yes,no,none,1,15,art#dance#sports,0-10%,lack of awareness,no,0-5,0.0,yes,government,food#uniform#books
104,1661,Education,Anganwadi Building,East Siang,Oyan,Rani,27.96524,95.31135,1,kacha road,1.0,4g+ reliable,airtel#jio,"kacha/temporary(wood,bamboo,etc.,)",compound wall\/fencing,150,monday#tuesday#wednesday#thursday#friday#saturday,1,1,tap water from government,N/A,no,N/A,N/A,N/A,discarded in open field burnt within the premises,no,N/A,no,N/A,none,N/A,no,no,traditional book,none,others,government agency,150,government agency,no,yes,atleast once a six month,yes,no,yes,none,1,23,others,20-40%,lack of awareness,no,0-5,0.0,yes,government,food#books
105,1662,Education,Anganwadi Building,East Siang,Oyan,Rani,27.964859999999998,95.31164,2,kacha road,1.0,4g+ reliable,airtel#jio,"kacha/temporary(wood,bamboo,etc.,)",compound wall\/fencing,150,monday#tuesday#wednesday#friday#saturday#thursday,1,1,tap water from government,N/A,no,N/A,N/A,N/A,discarded in open field burnt within the premises,no,N/A,no,N/A,none,N/A,no,no,traditional book,none,none,government agency,50,government agency,no,yes,atleast once a six month,yes,no,yes,none,1,23,others,10-20%,lack of awareness#others,no,0-5,0.0,yes,government,food#books
111,1780,Education,Anganwadi Building,Tirap,Khonsa,Lapnan,26.99141,95.48243000000001,0,kacha road,1.5,4g unreliable,airtel,"pakka/permanent(steel,concrete,etc.)",none,N/A,sunday,0,0,others,N/A,no,N/A,N/A,N/A,none,no,N/A,no,N/A,none,N/A,no,no,record is not maintained,none,none,none,25,self-created others,no,no,N/A,no,N/A,no,none,1,5,others,0-10%,others,no,0-5,0.0,no,N/A,other
115,2135,Education,Anganwadi Building,West Kameng,Nafra,Lower Dzong,27.370340000000002,92.53594,2,footway,0.2,4g unreliable,airtel#vodafone#bsnl,"pakka/permanent(steel,concrete,etc.)",compound wall\/fencing,300,monday#tuesday#wednesday#thursday#friday#saturday,1,1,bottled water,20.0,yes,no,no,no,discarded in open field burnt within the premises,no,N/A,no,N/A,none,N/A,no,no,traditional book,financial support#technical support,financial support#technical support,government agency,40,government agency,no,no,N/A,yes,no,yes,none,2,36,others,0-10%,health issues#easy money#lack of awareness,no,0-5,0.0,yes,government,food#uniform#books
116,2919,Education,Anganwadi Building,West Kameng,Shergaon,Shergaon,27.127290000000002,92.25835,3,pakka road,25.0,4g unreliable,bsnl#airtel,"kacha/temporary(wood,bamboo,etc.,)",compound wall\/fencing,180,monday#tuesday#wednesday#thursday#friday,4,1,tap water from government,N/A,yes,no,yes,yes,discarded in open field burnt within the premises,yes,3,no,N/A,none,N/A,no,no,traditional book,financial support,financial support,government agency,803,government agency,no,yes,atleast once a month,yes,yes,yes,none,2,9,sports#dance#art,0-10%,others,no,0-5,0.0,yes,government,food#books
