id,category,sub-category,district,circle,village,latitude,longitude,How many times did you go there until it was open?,What is the type of the road available to the Shop?,How much distance should one travel from this Shop to avail public transport facility? (in K.M),What is the type of the mobile network available at the Shop?,What are different Mobile network service providers available at the location of this Shop?,What is the type of structure of this Shop?,What are the working hours of this Shop?(Ex: 9.00A.M-5.A.M),What are the working days of that Shop?,How many people are working in the Shop?,Where do you get drinking water from for using at this Shop?,Are there toilets available for public usage at this Shop?,How do you deal with the waste generated from that Shop?,Are the premises of this Shop cleaned with disinfectant regularly?,How frequently are the premises at this Shop cleaned with disinfectant in a week?,Do you have grid connection for energy supply for this Shop?,What is the alternative energy source available for that Shop?,Is there landline connectivity for that Shop?,Does this Shop have wired internet connection?,How do you maintain records for this Shop?,What are the areas the Shop gets support from government agencies?,Do you get any support from NGO(s) for this Shop?,Are you aware of digital technologies that can be used in the Shop?,Do you have a POS device in your shop?,From where the goods are brought to the shop?,How are the goods transported to the shop?
2499,Food & Civil Supplies,Shops,Tawang,Kitpi,Kitpi,27.57266,91.90179,10,pakka road,0.0,2g reliable,vodafone#airtel#bsnl,"pakka/permenant(steel,concrete,etc.,)",810,monday#tuesday#wednesday#thusday#friday#saturday,1,tap water from government,no,burnt within the premises,no,N/A,yes,solar unit,no,no,traditional book keeping,none,no,no,no,whole seller,rental vehicle
2640,Food & Civil Supplies,Shops,Changlang,Changlang,Old Changlang,27.14352,95.73741,1,pakka road,2.0,4g+ reliable,vodafone#airtel#bsnl#jio,"pakka/permenant(steel,concrete,etc.,)",720,monday#tuesday#wednesday#thusday#friday#saturday,1,tap water from government,yes,burnt within the premises,yes,1,no,none,no,no,traditional book keeping,none,no,no,no,whole seller,bike
2681,Food & Civil Supplies,Shops,Tawang,Mukto,Mukto,27.54652,91.92587,1,pakka road,0.0,4g unreliable,vodafone#airtel#bsnl,"pakka/permenant(steel,concrete,etc.,)",780,monday#tuesday#wednesday#thusday#friday#saturday,2,tap water from government,yes,discarded in open field,no,N/A,yes,none,no,no,traditional book keeping,none,no,no,no,whole seller,private car
2684,Food & Civil Supplies,Shops,Tawang,Mukto,Mukto,27.54643,91.92636,1,pakka road,0.0,4g unreliable,vodafone#airtel#bsnl,"pakka/permenant(steel,concrete,etc.,)",660,monday#tuesday#wednesday#thusday#friday#saturday,1,tap water from government,no,burnt within the premises,yes,>7,yes,none,no,no,traditional book keeping,none,no,no,no,whole seller,private car#load carriage#rental vehicle
2688,Food & Civil Supplies,Shops,Tawang,Mukto,Mukto,27.54665,91.92545,1,pakka road,0.01,4g unreliable,vodafone#airtel#bsnl,"pakka/permenant(steel,concrete,etc.,)",660,monday#tuesday#wednesday#thusday#friday#saturday,2,tap water from government,no,discarded in open field,no,N/A,no,none,no,no,traditional book keeping,none,no,no,no,whole seller,rental vehicle
2698,Food & Civil Supplies,Shops,Tawang,Mukto,Mukto,27.54538,91.92346,1,pakka road,0.002,4g unreliable,vodafone#airtel#bsnl,"pakka/permenant(steel,concrete,etc.,)",720,monday#tuesday#wednesday#thusday#friday#saturday,1,tap water from government,yes,discarded in open field,no,N/A,yes,invertor,no,no,traditional book keeping,none,no,no,no,whole seller,private car
2705,Food & Civil Supplies,Shops,Tawang,Mukto,Mukto,27.54389,91.91969,1,pakka road,0.001,4g unreliable,vodafone#airtel#bsnl,"kacha/temporary(wood,bamboo,etc.,)",690,monday#tuesday#wednesday#thusday#friday#saturday,3,others,yes,discarded in open field,no,N/A,yes,none,no,no,none,none,no,no,no,whole seller,rental vehicle
2715,Food & Civil Supplies,Shops,Tawang,Mukto,Mukto,27.54596,91.91053,1,pakka road,0.003,4g unreliable,vodafone#airtel#bsnl,"pakka/permenant(steel,concrete,etc.,)",720,monday#tuesday#wednesday#thusday#friday#saturday,1,tap water from government,yes,discarded in open field,no,N/A,yes,none,no,no,traditional book keeping,none,no,no,no,whole seller,rental vehicle
2716,Food & Civil Supplies,Shops,Tawang,Mukto,Mukto,27.546440000000004,91.90967,1,pakka road,0.008,4g unreliable,vodafone#airtel#bsnl,"pakka/permenant(steel,concrete,etc.,)",720,monday#tuesday#wednesday#thusday#friday#saturday,2,tap water from government,yes,discarded in open field,no,N/A,yes,others,no,no,traditional book keeping,none,no,no,no,whole seller,private car
2718,Food & Civil Supplies,Shops,Tawang,Mukto,Mukto,27.54627,91.90939,1,pakka road,0.02,4g unreliable,vodafone#airtel#bsnl,"pakka/permenant(steel,concrete,etc.,)",720,monday#tuesday#wednesday#thusday#friday#saturday,2,tap water from government,no,discarded in open field,no,N/A,yes,none,no,no,traditional book keeping,none,no,no,no,whole seller,rental vehicle
2761,Food & Civil Supplies,Shops,West Kameng,Nafra,Lower Dzang,27.37095,92.5362,1,pakka road,0.0,4g unreliable,vodafone#airtel#bsnl,"kacha/temporary(wood,bamboo,etc.,)",780,monday#tuesday#wednesday#thusday#friday#saturday,1,tap water from government,no,burnt within the premises,no,N/A,yes,none,no,no,traditional book keeping,none,no,no,no,other shop,load carriage#rental vehicle#bike#private car#others
2762,Food & Civil Supplies,Shops,West Kameng,Nafra,Lower Dzang,27.37104,92.53571,5,pakka road,0.0,4g unreliable,vodafone#bsnl#airtel,"pakka/permenant(steel,concrete,etc.,)",720,monday#tuesday#wednesday#thusday#friday#saturday,1,tap water from government,no,none,no,N/A,yes,none,no,no,traditional book keeping,none,no,no,no,whole seller,load carriage#rental vehicle#bike#private car#others
2763,Food & Civil Supplies,Shops,West Kameng,Nafra,Lower Dzang,27.37113,92.53612,1,pakka road,0.0,4g unreliable,vodafone#airtel#bsnl,"kacha/temporary(wood,bamboo,etc.,)",720,monday#tuesday#wednesday#thusday#friday,1,tap water from government,no,burnt within the premises,no,N/A,yes,none,no,no,traditional book keeping,none,no,no,no,other shop,load carriage#rental vehicle#bike#private car#others
2764,Food & Civil Supplies,Shops,West Kameng,Nafra,Lower Dzang,27.37234,92.53404,1,pakka road,0.0,4g unreliable,vodafone#airtel#bsnl,"pakka/permenant(steel,concrete,etc.,)",720,monday#tuesday#wednesday#thusday#friday#saturday,1,tap water from government,no,burnt within the premises,no,N/A,yes,solar unit,no,no,traditional book keeping,none,no,no,no,whole seller,load carriage#rental vehicle#bike#private car#others
2765,Food & Civil Supplies,Shops,West Kameng,Nafra,Lower Dzang,27.37305,92.53266,1,pakka road,0.0,4g unreliable,vodafone#airtel#bsnl,"kacha/temporary(wood,bamboo,etc.,)",720,monday#tuesday#wednesday#thusday#friday#saturday,1,tap water from government,no,none,no,N/A,yes,none,no,no,none,none,no,no,no,other shop,load carriage#rental vehicle#bike#private car#others
2766,Food & Civil Supplies,Shops,West Kameng,Nafra,Lower Dzang,27.37302,92.53252,2,pakka road,0.0,4g unreliable,vodafone#airtel#bsnl,"kacha/temporary(wood,bamboo,etc.,)",840,monday#tuesday#wednesday#thusday#friday#saturday,1,tap water from government,no,burnt within the premises,no,N/A,yes,none,no,no,traditional book keeping,none,no,no,no,whole seller,load carriage#rental vehicle#bike#private car#others
2767,Food & Civil Supplies,Shops,West Kameng,Nafra,Lower Dzang,27.37306,92.53247,1,pakka road,0.0,4g unreliable,vodafone#airtel#bsnl,"kacha/temporary(wood,bamboo,etc.,)",720,monday#tuesday#wednesday#thusday#friday#saturday,1,tap water from government,no,burnt within the premises,no,N/A,yes,none,no,no,traditional book keeping,none,no,no,no,other shop,load carriage#rental vehicle#bike#private car#others
2768,Food & Civil Supplies,Shops,West Kameng,Nafra,Lower Dzang,27.37282,92.53205,1,pakka road,0.0,4g unreliable,vodafone#airtel#bsnl,"kacha/temporary(wood,bamboo,etc.,)",720,monday#tuesday#wednesday#thusday#friday#saturday,1,tap water from government,no,burnt within the premises,no,N/A,yes,none,no,no,traditional book keeping,none,no,no,no,other shop,load carriage#rental vehicle#bike#private car#others
2770,Food & Civil Supplies,Shops,West Kameng,Nafra,Lower Dzang,27.37292,92.53225,5,pakka road,0.0,4g unreliable,vodafone#airtel#bsnl,"kacha/temporary(wood,bamboo,etc.,)",750,monday#wednesday#tuesday#thusday#friday#saturday,1,tap water from government,no,burnt within the premises,no,N/A,yes,none,no,no,none,none,no,no,no,other shop,load carriage#rental vehicle#bike#private car
2771,Food & Civil Supplies,Shops,West Kameng,Nafra,Lower Dzang,27.37295,92.5321,5,pakka road,0.0,4g unreliable,vodafone#airtel#bsnl,"kacha/temporary(wood,bamboo,etc.,)",870,monday#tuesday#wednesday#thusday#friday#saturday,1,tap water from government,no,burnt within the premises,no,N/A,yes,none,no,no,traditional book keeping,none,no,no,no,whole seller,load carriage#private car#bike
2924,Food & Civil Supplies,Shops,West Kameng,Shergaon,Shergaon,27.12232,92.25351,1,pakka road,24.0,4g unreliable,airtel#bsnl,"kacha/temporary(wood,bamboo,etc.,)",540,monday#tuesday#wednesday#thusday#friday#saturday,1,tap water from government,no,burnt within the premises,yes,3,no,none,no,no,none,none,no,no,no,whole seller,load carriage
2925,Food & Civil Supplies,Shops,West Kameng,Shergaon,Shergaon,27.12252,92.25347,1,pakka road,24.0,4g unreliable,airtel#bsnl,"pakka/permenant(steel,concrete,etc.,)",600,monday#tuesday#wednesday#friday#thusday#saturday,1,tap water from government,yes,burnt within the premises,yes,3,yes,none,no,no,none,none,no,no,no,whole seller,rental vehicle
2955,Food & Civil Supplies,Shops,West Kameng,Shergaon,Shergaon,27.11773,92.24685,2,pakka road,24.0,4g unreliable,airtel#bsnl,"pakka/permenant(steel,concrete,etc.,)",660,monday#tuesday#friday#saturday#wednesday#thusday,2,tap water from government,yes,burnt within the premises,yes,2,yes,none,no,no,none,none,no,no,no,whole seller,rental vehicle
2956,Food & Civil Supplies,Shops,West Kameng,Shergaon,Shergaon,27.11767,92.24695,2,pakka road,24.0,4g unreliable,airtel#bsnl,"kacha/temporary(wood,bamboo,etc.,)",720,monday#thusday#friday#saturday#tuesday#wednesday,6,tap water from government,no,burnt within the premises,yes,3,yes,none,no,no,none,none,no,no,no,other shop,rental vehicle
3018,Food & Civil Supplies,Shops,Tawang,Lumla,Manpat,27.88677,93.77905,6,pakka road,0.1,4g unreliable,vodafone#airtel#bsnl,"pakka/permenant(steel,concrete,etc.,)",450,monday#tuesday#wednesday#thusday#friday,1,tap water from government,no,discarded in open field,yes,4,no,invertor,no,no,none,none,no,no,no,whole seller,rental vehicle
3153,Food & Civil Supplies,Shops,Papumpare,Doimukh,Lekha,27.16227,93.77056,3,kacha road,4.0,4g+ reliable,vodafone#idea#airtel#bsnl#jio,"kacha/temporary(wood,bamboo,etc.,)",780,monday#tuesday#wednesday#thusday#friday#saturday,1,tap water from government,no,burnt within the premises,no,N/A,yes,others,no,no,none,none,no,no,no,whole seller,private car#rental vehicle
3224,Food & Civil Supplies,Shops,Tawang,Lumla,Manpat,27.53716,91.71985,8,pakka road,0.5,4g unreliable,vodafone#airtel#bsnl,"pakka/permenant(steel,concrete,etc.,)",600,monday#tuesday#wednesday#thusday#friday,1,tap water from government,no,burnt within the premises,yes,4,no,none,no,no,traditional book keeping,none,no,no,no,whole seller,rental vehicle
3261,Food & Civil Supplies,Shops,Lower Subansiri,Ziro,Hari,27.58372,93.84422,10,pakka road,0.0,2g unreliable,vodafone#airtel#bsnl,"pakka/permenant(steel,concrete,etc.,)",960,monday#tuesday#wednesday#thusday#friday#saturday,2,tap water from government,no,discarded in open field,no,N/A,yes,others,no,no,traditional book keeping,none,no,no,no,whole seller,load carriage
3408,Food & Civil Supplies,Shops,Lower Subansiri,Ziro,Modang Tage,27.57184,93.83872,5,pakka road,5.0,3g unreliable,vodafone#airtel#bsnl,"kacha/temporary(wood,bamboo,etc.,)",480,saturday,100,tap water from government,yes,burnt within the premises,yes,2,yes,others,no,no,traditional book keeping,none,no,no,no,whole seller,rental vehicle
3587,Food & Civil Supplies,Shops,Tawang,Lumla,Manpat,27.537440000000004,91.71982,5,pakka road,0.2,4g unreliable,vodafone#airtel#bsnl,"pakka/permenant(steel,concrete,etc.,)",780,monday#tuesday#wednesday#thusday#friday#saturday,2,tap water from government,no,burnt within the premises,yes,4,yes,invertor,no,no,traditional book keeping,none,no,yes,no,whole seller,rental vehicle
3589,Food & Civil Supplies,Shops,Tawang,Lumla,Manpat,27.53763,91.72048,5,pakka road,0.2,4g unreliable,vodafone#airtel#bsnl,"pakka/permenant(steel,concrete,etc.,)",735,monday#tuesday#wednesday#thusday#friday,2,tap water from government,no,burnt within the premises,yes,4,yes,none,no,no,traditional book keeping,none,no,no,no,whole seller,rental vehicle
3590,Food & Civil Supplies,Shops,Tawang,Lumla,Manpat,27.5379,91.72037,3,pakka road,0.1,4g unreliable,vodafone#airtel#bsnl,"pakka/permenant(steel,concrete,etc.,)",690,monday#tuesday#wednesday#thusday#friday,2,tap water from government,no,burnt within the premises,yes,3,yes,none,no,no,traditional book keeping,none,no,no,no,whole seller,rental vehicle
3591,Food & Civil Supplies,Shops,Tawang,Lumla,Manpat,27.5377,91.72052,5,pakka road,0.1,4g unreliable,airtel#bsnl#vodafone,"pakka/permenant(steel,concrete,etc.,)",690,monday#tuesday#wednesday#thusday#friday,1,tap water from government,no,burnt within the premises,yes,4,yes,invertor,yes,no,traditional book keeping,none,no,no,no,whole seller,rental vehicle
3592,Food & Civil Supplies,Shops,Tawang,Lumla,Manpat,27.53986,91.72866,2,pakka road,0.25,4g unreliable,vodafone#airtel#bsnl,"pakka/permenant(steel,concrete,etc.,)",600,monday#tuesday#wednesday#thusday#friday,1,tap water from government,no,burnt within the premises,yes,3,yes,none,no,no,none,none,no,no,no,whole seller,rental vehicle
3594,Food & Civil Supplies,Shops,Tawang,Lumla,Manpat,27.53818,91.72821,4,pakka road,0.3,4g unreliable,airtel#vodafone#bsnl,"pakka/permenant(steel,concrete,etc.,)",720,monday#tuesday#wednesday#thusday#friday#saturday,2,tap water from government,yes,burnt within the premises,yes,4,yes,invertor,no,no,traditional book keeping,none,no,no,no,whole seller,rental vehicle
3595,Food & Civil Supplies,Shops,Tawang,Lumla,Manpat,27.53758,91.72022,3,pakka road,0.2,4g unreliable,vodafone#airtel#bsnl,"pakka/permenant(steel,concrete,etc.,)",600,monday#tuesday#wednesday#thusday#friday,1,tap water from government,no,burnt within the premises,yes,3,yes,none,no,no,none,none,no,no,no,whole seller,rental vehicle
3596,Food & Civil Supplies,Shops,Tawang,Lumla,Manpat,27.536790000000003,91.71943,5,pakka road,0.8,4g unreliable,vodafone#airtel#bsnl,"pakka/permenant(steel,concrete,etc.,)",600,monday#tuesday#wednesday#thusday#friday,2,tap water from government,no,burnt within the premises,yes,4,yes,none,no,no,traditional book keeping,none,no,no,no,whole seller,load carriage#rental vehicle
3597,Food & Civil Supplies,Shops,Tawang,Lumla,Manpat,27.53767,91.72021,5,pakka road,0.1,4g+ reliable,vodafone#airtel#bsnl,"pakka/permenant(steel,concrete,etc.,)",600,monday#tuesday#wednesday#thusday#friday,1,tap water from government,no,burnt within the premises,yes,4,yes,invertor,no,no,traditional book keeping,none,no,no,no,whole seller,rental vehicle
3653,Food & Civil Supplies,Shops,Lower Subansiri,Ziro,Hari,27.58507,93.84354,1,pakka road,3.0,2g unreliable,vodafone#airtel#bsnl,"pakka/permenant(steel,concrete,etc.,)",900,monday#tuesday#wednesday#thusday#friday#saturday,2,tap water from government,no,discarded in open field,yes,4,yes,none,no,no,traditional book keeping,none,no,no,no,whole seller,rental vehicle
3666,Food & Civil Supplies,Shops,Papumpare,Doimukh,Chiputa,27.18296,93.77988,3,kacha road,7.0,4g+ reliable,vodafone#airtel#bsnl#jio,"pakka/permenant(steel,concrete,etc.,)",780,monday#tuesday#wednesday#thusday#friday#saturday,1,tap water from government,no,discarded in open field,yes,7,no,none,no,no,none,none,no,no,no,whole seller,private car
3818,Food & Civil Supplies,Shops,Lower Subansiri,Ziro,Hari,27.58537,93.84333,1,pakka road,3.0,2g unreliable,vodafone#airtel#bsnl,"pakka/permenant(steel,concrete,etc.,)",780,monday#tuesday#wednesday#thusday#friday#saturday,3,tap water from government,no,discarded in open field,yes,5,yes,none,no,no,traditional book keeping,none,no,no,no,whole seller,rental vehicle
3830,Food & Civil Supplies,Shops,Lower Subansiri,Ziro,Hari,27.583540000000006,93.84415,3,pakka road,3.0,2g unreliable,vodafone#airtel#bsnl,"pakka/permenant(steel,concrete,etc.,)",780,monday#tuesday#wednesday#thusday#friday#saturday,2,bottled water,no,discarded in open field,yes,4,yes,none,no,no,traditional book keeping,none,no,no,no,whole seller,rental vehicle
3832,Food & Civil Supplies,Shops,Lower Subansiri,Ziro,Hari,27.58375,93.84396,1,pakka road,3.0,2g unreliable,vodafone#airtel#bsnl,"pakka/permenant(steel,concrete,etc.,)",960,monday#tuesday#wednesday#thusday#friday#saturday,2,tap water from government,no,discarded in open field,yes,3,yes,none,no,no,traditional book keeping,none,no,no,no,whole seller,rental vehicle
3833,Food & Civil Supplies,Shops,Lower Subansiri,Ziro,Hari,27.58345,93.84399,1,pakka road,3.0,2g unreliable,vodafone#airtel#bsnl,"pakka/permenant(steel,concrete,etc.,)",960,monday#tuesday#wednesday#thusday#friday#saturday,1,tap water from government,no,discarded in open field,yes,>7,yes,invertor,no,no,traditional book keeping,none,no,no,no,whole seller,rental vehicle
3835,Food & Civil Supplies,Shops,Lower Subansiri,Ziro,Hari,27.58361,93.84392,1,pakka road,3.0,2g unreliable,vodafone#airtel#bsnl,"pakka/permenant(steel,concrete,etc.,)",900,monday#tuesday#wednesday#thusday#friday#saturday,1,bottled water,no,discarded in open field,yes,7,yes,none,no,no,traditional book keeping,none,no,no,no,whole seller,rental vehicle
3841,Food & Civil Supplies,Shops,Lower Subansiri,Ziro,Hari,27.58292,93.84392,1,pakka road,3.0,2g unreliable,vodafone#airtel#bsnl,"pakka/permenant(steel,concrete,etc.,)",960,monday#tuesday#wednesday#thusday#friday#saturday,1,tap water from government,no,discarded in open field,yes,>7,yes,none,no,no,traditional book keeping,N/A,no,no,no,whole seller,rental vehicle
3975,Food & Civil Supplies,Shops,Lower Subansiri,Ziro (Sadar),Hong Niitii,27.55781,93.8488,10,pakka road,3.0,3g reliable,vodafone#airtel#bsnl,"kacha/temporary(wood,bamboo,etc.,)",840,monday#tuesday#wednesday#thusday#friday#saturday,2,tap water from government,no,burnt within the premises,yes,1,no,others,no,no,none,none,no,no,no,whole seller,rental vehicle#others
3999,Food & Civil Supplies,Shops,Lower Subansiri,Ziro (Sadar),Hong Niitii,27.5581,93.84819,10,pakka road,3.0,3g reliable,vodafone#airtel#bsnl,"kacha/temporary(wood,bamboo,etc.,)",747,saturday#friday#thusday#wednesday#tuesday#monday,2,tap water from government,no,none,yes,7,yes,none,no,no,traditional book keeping,none,no,no,no,whole seller,others
4000,Food & Civil Supplies,Shops,Lower Subansiri,Ziro (Sadar),Hong Niitii,27.55822,93.84824,10,pakka road,4.0,3g reliable,vodafone#airtel#bsnl,"kacha/temporary(wood,bamboo,etc.,)",1260,monday#tuesday#wednesday#thusday#friday#saturday,1,tap water from government,no,burnt within the premises,yes,7,no,none,no,no,traditional book keeping,none,no,no,no,whole seller,others
5000,Food & Civil Supplies,Shops,Lower Subansiri,Ziro (Sadar),Hong Niitii,27.55752,93.84888,4,pakka road,4.0,3g reliable,vodafone#bsnl#airtel,"kacha/temporary(wood,bamboo,etc.,)",900,monday#tuesday#wednesday#thusday#friday#saturday,1,tap water from government,yes,burnt within the premises,yes,>7,yes,none,no,no,traditional book keeping,none,no,no,no,whole seller,others
5114,Food & Civil Supplies,Shops,Lower Subansiri,Ziro,Modang Tage,27.57302,93.82939,5,pakka road,5.0,3g unreliable,vodafone#airtel#bsnl,"kacha/temporary(wood,bamboo,etc.,)",540,monday#tuesday#wednesday#thusday#friday#saturday,1,tap water from government,no,burnt within the premises,yes,5,yes,solar unit,no,no,traditional book keeping,none,no,no,no,whole seller,rental vehicle#others
5115,Food & Civil Supplies,Shops,Lower Subansiri,Ziro,Modang Tage,27.57367,93.82976,2,pakka road,5.0,3g unreliable,airtel#vodafone#bsnl,"kacha/temporary(wood,bamboo,etc.,)",540,monday#tuesday#wednesday#thusday#friday,1,tap water from government,no,burnt within the premises,no,N/A,yes,solar unit,no,no,traditional book keeping,none,no,no,no,whole seller,rental vehicle
5116,Food & Civil Supplies,Shops,Lower Subansiri,Ziro,Modang Tage,27.57453,93.8305,3,pakka road,5.0,3g unreliable,vodafone#airtel#bsnl,"kacha/temporary(wood,bamboo,etc.,)",540,monday#tuesday#wednesday#thusday#friday#saturday,1,tap water from government,no,burnt within the premises,no,N/A,yes,solar unit,no,no,traditional book keeping,none,no,no,no,other shop,rental vehicle
5120,Food & Civil Supplies,Shops,Lower Subansiri,Ziro,Modang Tage,27.57233,93.83186,3,pakka road,5.0,3g unreliable,vodafone#airtel#bsnl,"kacha/temporary(wood,bamboo,etc.,)",540,monday#tuesday#wednesday#thusday#friday#saturday,1,tap water from government,no,burnt within the premises,no,N/A,yes,solar unit,no,no,traditional book keeping,none,no,no,no,whole seller,rental vehicle
5121,Food & Civil Supplies,Shops,Lower Subansiri,Ziro,Modang Tage,27.57215,93.8319,4,pakka road,5.0,3g unreliable,vodafone#airtel#bsnl,"pakka/permenant(steel,concrete,etc.,)",540,monday#tuesday#wednesday#thusday#friday#saturday,1,tap water from government,no,burnt within the premises,yes,4,yes,solar unit,no,no,traditional book keeping,none,no,no,no,whole seller,rental vehicle
5122,Food & Civil Supplies,Shops,Lower Subansiri,Ziro,Modang Tage,27.57218,93.83235,5,pakka road,5.0,3g unreliable,vodafone#airtel#bsnl,"pakka/permenant(steel,concrete,etc.,)",540,monday#tuesday#wednesday#thusday#friday,1,tap water from government,no,burnt within the premises,yes,5,yes,solar unit,no,no,traditional book keeping,none,no,no,no,whole seller,rental vehicle
5312,Food & Civil Supplies,Shops,Papumpare,Doimukh,Mani,27.17584,93.77112,2,kacha road,1.0,4g+ reliable,vodafone#airtel#bsnl#jio,"kacha/temporary(wood,bamboo,etc.,)",660,monday#tuesday#wednesday#thusday#friday#saturday,1,bottled water,no,burnt within the premises,yes,6,no,none,no,no,none,none,no,no,no,whole seller,rental vehicle
5320,Food & Civil Supplies,Shops,Lower Subansiri,Ziro,Hari,27.58507,93.84354,1,pakka road,3.0,2g unreliable,vodafone#airtel#bsnl,"pakka/permenant(steel,concrete,etc.,)",900,monday#tuesday#wednesday#thusday#friday#saturday,2,tap water from government,no,discarded in open field,yes,4,yes,none,no,no,traditional book keeping,none,no,no,no,whole seller,rental vehicle
5532,Food & Civil Supplies,Shops,Lower Subansiri,Ziro,Modang Tage,27.57537,93.82968,1,kacha road,5.0,3g unreliable,vodafone#airtel#bsnl,"kacha/temporary(wood,bamboo,etc.,)",540,monday#tuesday#wednesday#thusday#friday#saturday,1,tap water from government,no,burnt within the premises,no,N/A,no,none,no,no,none,none,no,no,no,other shop,bike
5533,Food & Civil Supplies,Shops,Lower Subansiri,Ziro,Modang Tage,27.575640000000003,93.82963,1,kacha road,5.0,3g unreliable,vodafone#airtel#bsnl,"kacha/temporary(wood,bamboo,etc.,)",900,monday#wednesday#tuesday#thusday#friday#saturday,0,tap water from government,no,burnt within the premises,no,N/A,no,none,no,no,none,none,no,no,no,other shop,rental vehicle
5534,Food & Civil Supplies,Shops,Lower Subansiri,Ziro,Modang Tage,27.5758,93.8297,2,kacha road,5.0,3g unreliable,airtel#vodafone#bsnl,"kacha/temporary(wood,bamboo,etc.,)",540,monday#tuesday#wednesday#thusday#friday#saturday,1,tap water from government,no,burnt within the premises,no,N/A,no,none,no,no,traditional book keeping,none,no,no,no,other shop,rental vehicle
5535,Food & Civil Supplies,Shops,Lower Subansiri,Ziro,Modang Tage,27.5756,93.82946,2,kacha road,5.0,3g unreliable,vodafone#airtel#bsnl,"kacha/temporary(wood,bamboo,etc.,)",540,monday#tuesday#wednesday#thusday#friday#saturday,1,tap water from government,no,burnt within the premises,no,N/A,yes,solar unit,no,no,traditional book keeping,none,no,no,no,other shop,rental vehicle
5623,Food & Civil Supplies,Shops,Lower Subansiri,Ziro,Modang Tage,27.56873,93.8458,5,kacha road,5.0,3g unreliable,vodafone#airtel#bsnl,"kacha/temporary(wood,bamboo,etc.,)",540,monday#tuesday#wednesday#thusday#friday,1,bottled water,no,burnt within the premises,no,N/A,yes,none,no,no,traditional book keeping,none,no,no,no,other shop,rental vehicle
5627,Food & Civil Supplies,Shops,Lower Subansiri,Ziro,Modang Tage,27.56843,93.84598,2,kacha road,5.0,3g unreliable,vodafone#airtel#bsnl,"kacha/temporary(wood,bamboo,etc.,)",540,monday#tuesday#wednesday#thusday#saturday#friday,1,tap water from government,no,burnt within the premises,no,N/A,no,none,no,no,traditional book keeping,none,no,no,no,other shop,rental vehicle
5628,Food & Civil Supplies,Shops,Lower Subansiri,Ziro,Modang Tage,27.56868,93.84602,3,kacha road,5.0,3g unreliable,vodafone#airtel#bsnl,"kacha/temporary(wood,bamboo,etc.,)",540,monday#tuesday#wednesday#thusday#friday#saturday,1,tap water from government,no,burnt within the premises,no,N/A,no,none,no,no,traditional book keeping,none,no,no,no,other shop,rental vehicle
5630,Food & Civil Supplies,Shops,Lower Subansiri,Ziro,Modang Tage,27.57337,93.84767,2,kacha road,5.0,3g unreliable,vodafone#airtel#bsnl,"kacha/temporary(wood,bamboo,etc.,)",480,monday#tuesday#wednesday#thusday#friday#saturday,1,tap water from government,no,burnt within the premises,no,N/A,yes,none,no,no,traditional book keeping,none,no,no,no,other shop,rental vehicle
5695,Food & Civil Supplies,Shops,Lower Subansiri,Ziro,Hari,27.58587,93.84411,1,kacha road,2.0,2g unreliable,vodafone#airtel#bsnl,"pakka/permenant(steel,concrete,etc.,)",960,monday#tuesday#wednesday#thusday#friday#saturday,2,tap water from government,no,discarded in open field,yes,3,yes,none,no,no,traditional book keeping,none,no,no,no,whole seller,rental vehicle
5758,Food & Civil Supplies,Shops,Lower Subansiri,Ziro (Sadar),Hong Niitii,27.578190000000006,93.83977,2,pakka road,3.0,3g reliable,vodafone#airtel#bsnl,"kacha/temporary(wood,bamboo,etc.,)",720,monday#tuesday#thusday#wednesday#saturday#friday,1,tap water from government,no,burnt within the premises,no,N/A,yes,none,no,no,traditional book keeping,none,no,no,no,whole seller,others
5760,Food & Civil Supplies,Shops,Lower Subansiri,Ziro (Sadar),Hong Niitii,27.55751,93.84879,4,pakka road,3.0,3g reliable,vodafone#airtel#bsnl,"kacha/temporary(wood,bamboo,etc.,)",720,monday#tuesday#wednesday#thusday#friday#saturday,1,tap water from government,no,burnt within the premises,no,5,yes,none,no,no,traditional book keeping,none,no,no,no,whole seller,others
5761,Food & Civil Supplies,Shops,Lower Subansiri,Ziro (Sadar),Hong Niitii,27.5575,93.84895,2,pakka road,3.0,3g reliable,vodafone#bsnl#airtel,"kacha/temporary(wood,bamboo,etc.,)",660,monday#tuesday#wednesday#thusday#friday#saturday,1,others,no,burnt within the premises,no,N/A,yes,none,no,no,traditional book keeping,none,no,no,no,whole seller,others
5898,Food & Civil Supplies,Shops,Lower Subansiri,Ziro,Hari,27.58094,93.8462,1,kacha road,2.0,2g unreliable,vodafone#airtel#bsnl,"kacha/temporary(wood,bamboo,etc.,)",0,monday#tuesday#wednesday#thusday#friday#saturday,1,tap water from government,no,discarded in open field,yes,2,yes,none,no,no,traditional book keeping,none,no,no,no,whole seller,rental vehicle
5954,Food & Civil Supplies,Shops,East Siang,Sille-Oyan,Sika-Bamin,27.91728,95.34595,3,pakka road,6.0,4g+ reliable,airtel#bsnl#jio,"kacha/temporary(wood,bamboo,etc.,)",719,monday#tuesday#wednesday#thusday#friday#saturday,1,tap water from government,no,none,no,N/A,no,none,no,no,none,none,no,no,no,whole seller,load carriage#private car
5955,Food & Civil Supplies,Shops,East Siang,Sille-Oyan,Sika-Bamin,27.914690000000004,95.34575,2,pakka road,6.0,4g+ reliable,bsnl#jio#airtel,"kacha/temporary(wood,bamboo,etc.,)",600,monday#tuesday#wednesday#thusday#friday#saturday,2,tap water from government,no,none,no,N/A,no,none,no,no,none,none,no,no,no,whole seller,load carriage#bike
5956,Food & Civil Supplies,Shops,East Siang,Sille-Oyan,Sika-Bamin,27.91392,95.34593,3,pakka road,6.0,4g+ reliable,airtel#bsnl#jio,"kacha/temporary(wood,bamboo,etc.,)",540,monday#wednesday#tuesday#thusday#friday#saturday,2,tap water from government,no,none,no,N/A,no,none,no,no,none,none,no,no,no,whole seller,load carriage#bike
5957,Food & Civil Supplies,Shops,East Siang,Sille-Oyan,Sika-Bamin,27.91361,95.34604,2,pakka road,6.0,4g+ reliable,airtel#bsnl#jio,"kacha/temporary(wood,bamboo,etc.,)",464,monday#tuesday#wednesday#thusday#friday#saturday,1,tap water from government,no,none,no,N/A,no,none,no,no,none,none,no,no,no,whole seller,load carriage#bike
5958,Food & Civil Supplies,Shops,East Siang,Sille-Oyan,Sika-Bamin,27.91331,95.34615,2,pakka road,6.0,4g+ reliable,airtel#bsnl#jio,"kacha/temporary(wood,bamboo,etc.,)",480,monday#tuesday#wednesday#thusday#friday#saturday,2,tap water from government,no,none,no,N/A,no,none,no,no,none,none,no,no,no,whole seller,load carriage#bike
5959,Food & Civil Supplies,Shops,East Siang,Sille-Oyan,Sika-Bamin,27.91344,95.34603,2,pakka road,6.0,4g+ reliable,airtel#bsnl#jio,"kacha/temporary(wood,bamboo,etc.,)",360,monday#tuesday#wednesday#thusday#friday#saturday,2,tap water from government,no,none,no,N/A,no,none,no,no,none,none,no,no,no,whole seller,load carriage#bike
5960,Food & Civil Supplies,Shops,East Siang,Sille-Oyan,Sika-Bamin,27.912840000000006,95.34463,2,pakka road,6.0,4g+ reliable,airtel#bsnl#jio,"kacha/temporary(wood,bamboo,etc.,)",600,monday#tuesday#wednesday#thusday#friday#saturday,3,tap water from government,no,none,no,N/A,no,none,no,no,none,none,no,no,no,whole seller,load carriage#bike
5961,Food & Civil Supplies,Shops,East Siang,Sille-Oyan,Sika-Bamin,27.91299,95.34457,2,pakka road,6.0,4g+ reliable,airtel#bsnl#jio,"kacha/temporary(wood,bamboo,etc.,)",600,monday#tuesday#wednesday#thusday#friday#saturday,2,tap water from government,no,none,no,N/A,no,none,no,no,none,none,no,no,no,whole seller,load carriage
5962,Food & Civil Supplies,Shops,East Siang,Sille-Oyan,Sika-Bamin,27.91299,95.34445,2,pakka road,6.0,4g+ reliable,airtel#bsnl#jio,"kacha/temporary(wood,bamboo,etc.,)",540,monday#tuesday#wednesday#thusday#friday#saturday,3,tap water from government,no,none,no,N/A,no,none,no,no,none,none,no,no,no,whole seller,load carriage
5963,Food & Civil Supplies,Shops,East Siang,Sille-Oyan,Sika-Bamin,27.91338,95.34422,2,pakka road,6.0,4g+ reliable,airtel#bsnl#jio,"kacha/temporary(wood,bamboo,etc.,)",540,monday#tuesday#wednesday#thusday#friday#saturday,2,tap water from government,no,none,no,N/A,no,none,no,no,none,none,no,no,no,whole seller,load carriage
5964,Food & Civil Supplies,Shops,East Siang,Sille-Oyan,Sika-Bamin,27.91367,95.34414,2,pakka road,6.0,4g+ reliable,airtel#bsnl#jio,"kacha/temporary(wood,bamboo,etc.,)",780,monday#tuesday#wednesday#thusday#friday#saturday,3,tap water from government,no,none,no,N/A,no,none,no,no,none,none,no,no,no,whole seller,load carriage
5965,Food & Civil Supplies,Shops,East Siang,Sille-Oyan,Sika-Bamin,27.91177,95.34193,2,pakka road,6.0,4g+ reliable,airtel#jio#bsnl,"kacha/temporary(wood,bamboo,etc.,)",540,monday#tuesday#wednesday#thusday#friday#saturday,2,tap water from government,no,none,no,N/A,no,none,no,no,none,none,no,no,no,whole seller,load carriage#bike
5966,Food & Civil Supplies,Shops,East Siang,Sille-Oyan,Sika-Bamin,27.91165,95.34141,2,pakka road,6.0,4g+ reliable,bsnl#airtel#jio,"kacha/temporary(wood,bamboo,etc.,)",540,monday#tuesday#wednesday#thusday#friday#saturday,2,tap water from government,no,none,no,N/A,no,none,no,no,none,none,no,no,no,whole seller,load carriage
6015,Food & Civil Supplies,Shops,Lower Subansiri,Ziro,Hari,27.58272,93.84396,1,kacha road,2.0,2g unreliable,vodafone#airtel#bsnl,"pakka/permenant(steel,concrete,etc.,)",960,monday#tuesday#wednesday#thusday#friday#saturday,2,tap water from government,no,discarded in open field,yes,7,yes,none,no,no,traditional book keeping,none,no,no,no,whole seller,rental vehicle
6016,Food & Civil Supplies,Shops,Lower Subansiri,Ziro,Hari,27.58331,93.8439,1,kacha road,2.0,2g unreliable,vodafone#airtel#bsnl,"pakka/permenant(steel,concrete,etc.,)",900,monday#tuesday#wednesday#thusday#friday#saturday,1,tap water from government,no,discarded in open field,yes,7,yes,none,no,no,traditional book keeping,none,no,no,no,whole seller,rental vehicle
6068,Food & Civil Supplies,Shops,Papumpare,Itanagar,Ganga,27.07308,93.60756,1,pakka road,1.0,4g+ reliable,vodafone#idea#airtel#bsnl#jio#others,"pakka/permenant(steel,concrete,etc.,)",840,monday#tuesday#wednesday#thusday#friday#saturday,2,tap water from government,no,burnt within the premises,no,N/A,no,none,no,no,traditional book keeping,none,no,no,no,whole seller,rental vehicle
6071,Food & Civil Supplies,Shops,Papumpare,Itanagar,Ganga,27.08673,93.59466,9,pakka road,1.0,4g+ reliable,vodafone#idea#airtel#bsnl#jio#others,"pakka/permenant(steel,concrete,etc.,)",480,monday#tuesday#wednesday#thusday#friday#saturday,2,tap water from government,no,burnt within the premises,no,N/A,no,none,no,no,traditional book keeping,none,no,no,no,whole seller,rental vehicle
6072,Food & Civil Supplies,Shops,Papumpare,Itanagar,Ganga,27.08705,93.59573,9,pakka road,1.0,4g+ reliable,vodafone#idea#airtel#bsnl#jio#others,"pakka/permenant(steel,concrete,etc.,)",660,monday#tuesday#thusday#wednesday#friday#saturday,2,tap water from government,no,burnt within the premises,no,N/A,yes,none,no,no,traditional book keeping,none,no,no,no,whole seller,rental vehicle
6073,Food & Civil Supplies,Shops,Papumpare,Itanagar,Ganga,27.08681,93.59506,4,pakka road,1.0,4g+ reliable,vodafone#idea#airtel#bsnl#jio#others,"pakka/permenant(steel,concrete,etc.,)",660,monday#tuesday#wednesday#thusday#friday#saturday,3,tap water from government,no,none,yes,3,no,none,no,no,traditional book keeping,none,no,no,no,whole seller,rental vehicle
6081,Food & Civil Supplies,Shops,Papumpare,Itanagar,Ganga,27.07303,93.60744,2,pakka road,1.5,4g+ reliable,vodafone#airtel#bsnl#jio,"pakka/permenant(steel,concrete,etc.,)",660,monday#tuesday#wednesday#thusday#friday#saturday,1,tap water from government,no,burnt within the premises,yes,6,yes,none,no,no,traditional book keeping,none,no,no,no,other shop,rental vehicle
6085,Food & Civil Supplies,Shops,Papumpare,Itanagar,Ganga,27.087190000000003,93.59953,5,pakka road,0.6,4g+ reliable,vodafone#airtel#jio,"pakka/permenant(steel,concrete,etc.,)",600,monday#tuesday#wednesday#thusday#friday#saturday,4,tap water from government,yes,burnt within the premises,yes,5,yes,none,no,no,traditional book keeping,none,no,no,no,whole seller,rental vehicle
6086,Food & Civil Supplies,Shops,Papumpare,Itanagar,Ganga,27.0879,93.59976,3,pakka road,1.5,4g+ reliable,vodafone#airtel#bsnl#jio#others#idea,"pakka/permenant(steel,concrete,etc.,)",600,monday#tuesday#wednesday#thusday#friday#saturday,3,tap water from government,no,burnt within the premises,yes,6,yes,none,no,no,traditional book keeping,none,no,no,no,whole seller,rental vehicle
6088,Food & Civil Supplies,Shops,Papumpare,Itanagar,Ganga,27.087740000000004,93.59186,2,pakka road,1.0,4g+ reliable,vodafone#airtel#bsnl#jio,"pakka/permenant(steel,concrete,etc.,)",420,monday#tuesday#wednesday#thusday#friday#saturday,5,tap water from government,yes,burnt within the premises,yes,6,yes,none,no,no,traditional book keeping,none,no,no,no,whole seller,private car
6100,Food & Civil Supplies,Shops,Papumpare,Itanagar,Ganga,27.08857,93.5997,3,pakka road,1.5,4g+ reliable,vodafone#airtel#bsnl#jio,"pakka/permenant(steel,concrete,etc.,)",420,monday#tuesday#wednesday#thusday#friday#saturday,3,tap water from government,no,burnt within the premises,yes,7,yes,none,no,no,traditional book keeping,none,no,no,yes,whole seller,rental vehicle
6175,Food & Civil Supplies,Shops,Papumpare,Itanagar,Jollang,27.07652,93.64617,1,pakka road,0.0,4g+ reliable,vodafone#airtel#bsnl,"pakka/permenant(steel,concrete,etc.,)",600,monday#tuesday#wednesday#thusday#friday#saturday,4,ground water,no,burnt within the premises,yes,>7,yes,none,no,no,traditional book keeping,none,no,no,no,whole seller,rental vehicle
6228,Food & Civil Supplies,Shops,West Siang,Aalo,Kugi Pomte,28.25335,93.48408,2,pakka road,5.0,4g+ reliable,vodafone,"kacha/temporary(wood,bamboo,etc.,)",900,tuesday#monday#wednesday#thusday#friday#saturday,2,tap water from government,no,burnt within the premises,no,N/A,no,none,no,no,traditional book keeping,support via subsidies,no,no,no,authorized distributor,rental vehicle
6245,Food & Civil Supplies,Shops,Lower Subansiri,Ziro,Hari,27.5846,93.84368,1,pakka road,2.0,2g unreliable,vodafone#airtel#bsnl,"pakka/permenant(steel,concrete,etc.,)",900,monday#tuesday#wednesday#thusday#friday#saturday,1,tap water from government,no,discarded in open field,yes,3,yes,none,no,no,traditional book keeping,none,no,no,no,whole seller,rental vehicle
6425,Food & Civil Supplies,Shops,Lower Subansiri,Ziro,Reru,27.59568,93.84053,1,kacha road,1.0,2g reliable,vodafone#airtel#bsnl,"pakka/permenant(steel,concrete,etc.,)",720,monday#tuesday#wednesday#thusday#friday#saturday,2,ground water,no,burnt within the premises,yes,>7,yes,none,no,no,none,none,no,no,no,other shop,others
6426,Food & Civil Supplies,Shops,Lower Subansiri,Ziro,Reru,27.59667,93.84149,1,kacha road,1.0,2g reliable,vodafone#airtel#bsnl,"kacha/temporary(wood,bamboo,etc.,)",720,monday#tuesday#wednesday#thusday#friday#saturday,2,ground water,no,burnt within the premises,yes,>7,yes,none,no,no,none,none,no,no,no,other shop,others
6429,Food & Civil Supplies,Shops,Lower Subansiri,Ziro,Reru,27.59693,93.8418,1,pakka road,1.0,2g reliable,vodafone#airtel#bsnl,"kacha/temporary(wood,bamboo,etc.,)",720,monday#tuesday#wednesday#thusday#friday#saturday,2,ground water,no,burnt within the premises,yes,>7,yes,none,no,no,none,none,no,no,no,other shop,others
6437,Food & Civil Supplies,Shops,Lower Subansiri,Ziro,Reru,27.59679,93.84142,1,pakka road,1.0,2g reliable,vodafone#airtel#bsnl,"kacha/temporary(wood,bamboo,etc.,)",660,monday#tuesday#wednesday#thusday#friday#saturday,2,ground water,no,burnt within the premises,yes,>7,yes,none,no,no,none,none,no,no,no,other shop,others
6605,Food & Civil Supplies,Shops,Lower Subansiri,Ziro,Reru,27.59738,93.84099,1,pakka road,1.0,2g reliable,vodafone#airtel#bsnl,"kacha/temporary(wood,bamboo,etc.,)",660,monday#tuesday#wednesday#thusday#friday#saturday,1,ground water,no,burnt within the premises,yes,>7,yes,none,no,no,none,none,no,no,no,other shop,others
6606,Food & Civil Supplies,Shops,Lower Subansiri,Ziro,Reru,27.59815,93.84033,1,pakka road,1.0,2g reliable,vodafone#airtel#bsnl,"kacha/temporary(wood,bamboo,etc.,)",720,monday#tuesday#wednesday#thusday#friday#saturday,1,ground water,no,burnt within the premises,yes,>7,yes,none,no,no,none,none,no,no,no,other shop,others
6614,Food & Civil Supplies,Shops,Lower Subansiri,Ziro,Reru,27.59701,93.84197,1,pakka road,1.0,2g reliable,vodafone#airtel#bsnl,"kacha/temporary(wood,bamboo,etc.,)",660,monday#tuesday#wednesday#thusday#friday#saturday,1,ground water,no,burnt within the premises,yes,>7,yes,none,no,no,none,none,no,no,no,other shop,others
6621,Food & Civil Supplies,Shops,Lower Subansiri,Ziro,Lempiya,27.59651,93.8155,10,pakka road,2.0,2g reliable,vodafone#airtel#bsnl,"kacha/temporary(wood,bamboo,etc.,)",480,monday#tuesday#wednesday#thusday#saturday#friday,1,tap water from government,no,none,yes,7,no,none,no,no,traditional book keeping,none,no,no,no,whole seller,rental vehicle
6754,Food & Civil Supplies,Shops,Lower Subansiri,Ziro,Hari,27.5837,93.84118,1,kacha road,2.0,2g unreliable,vodafone#airtel#bsnl,"pakka/permenant(steel,concrete,etc.,)",900,monday#tuesday#wednesday#thusday#friday#saturday,1,bottled water,no,discarded in open field,yes,4,yes,none,no,no,traditional book keeping,none,no,no,no,whole seller,rental vehicle
6760,Food & Civil Supplies,Shops,Lower Subansiri,Ziro,Hari,27.58331,93.84154,1,pakka road,2.0,2g unreliable,vodafone#airtel#bsnl,"pakka/permenant(steel,concrete,etc.,)",900,monday#tuesday#wednesday#thusday#friday#saturday,1,tap water from government,no,discarded in open field,yes,6,yes,none,no,no,traditional book keeping,none,no,no,no,whole seller,rental vehicle
6844,Food & Civil Supplies,Shops,Lower Subansiri,Ziro (Sadar),Hong Niitii,27.55762,93.84825,2,pakka road,4.0,3g reliable,vodafone#bsnl#airtel,"pakka/permenant(steel,concrete,etc.,)",1440,monday,1,tap water from government,no,burnt within the premises,no,N/A,no,none,no,no,traditional book keeping,none,no,no,no,whole seller,private car
6851,Food & Civil Supplies,Shops,Lower Subansiri,Ziro,Reru,27.59712,93.84101,1,pakka road,1.0,2g reliable,vodafone#airtel#bsnl,"pakka/permenant(steel,concrete,etc.,)",660,monday#tuesday#wednesday#thusday#friday#saturday,1,ground water,no,burnt within the premises,yes,>7,yes,none,no,no,none,none,no,no,no,other shop,others
7008,Food & Civil Supplies,Shops,Papumpare,Doimukh,Soppo,27.21466,93.80002,6,pakka road,1.0,2g unreliable,airtel#bsnl#jio,"pakka/permenant(steel,concrete,etc.,)",780,monday#tuesday#wednesday#thusday#friday#saturday,2,tap water from government,yes,burnt within the premises,yes,7,yes,none,no,no,traditional book keeping,none,no,no,no,whole seller,private car
7009,Food & Civil Supplies,Shops,Papumpare,Doimukh,Soppo,27.21395,93.80075,5,pakka road,1.0,2g unreliable,airtel#bsnl#jio,"kacha/temporary(wood,bamboo,etc.,)",720,monday#tuesday#wednesday#thusday#friday#saturday,1,tap water from government,no,none,no,N/A,yes,none,no,no,none,none,no,no,no,whole seller,bike
7012,Food & Civil Supplies,Shops,Papumpare,Doimukh,Soppo,27.21426,93.80093,5,footway,1.0,2g unreliable,airtel#bsnl#jio,"pakka/permenant(steel,concrete,etc.,)",600,monday#tuesday#wednesday#thusday#friday#saturday,2,tap water from government,no,discarded in open field,no,N/A,yes,none,no,no,none,none,no,no,no,whole seller,bike
7013,Food & Civil Supplies,Shops,Papumpare,Doimukh,Soppo,27.21404,93.80114,5,footway,1.0,2g unreliable,airtel#bsnl#jio,"pakka/permenant(steel,concrete,etc.,)",581,monday#tuesday#wednesday#thusday#friday#saturday,1,tap water from government,no,none,no,N/A,no,none,no,no,none,none,no,no,no,whole seller,bike
7045,Food & Civil Supplies,Shops,Lower Subansiri,Ziro,Lempiya,27.5746,93.88142,8,pakka road,2.0,2g reliable,vodafone#airtel#bsnl,"kacha/temporary(wood,bamboo,etc.,)",720,monday#tuesday#thusday#friday#saturday#wednesday,1,tap water from government,no,burnt within the premises,yes,5,no,none,no,no,traditional book keeping,none,no,no,no,whole seller,others
7069,Food & Civil Supplies,Shops,Lower Subansiri,Ziro,Lempiya,27.62571,93.89515,2,pakka road with block point,1.0,2g reliable,vodafone#airtel#bsnl,"kacha/temporary(wood,bamboo,etc.,)",600,monday#friday#wednesday#thusday#tuesday#saturday,1,tap water from government,no,none,yes,1,no,none,no,no,traditional book keeping,none,no,no,no,whole seller,rental vehicle
7103,Food & Civil Supplies,Shops,Shi-Yomi,Monigong,Karle,28.74199,94.30197,10,pakka road,0.1,2g unreliable,bsnl,"kacha/temporary(wood,bamboo,etc.,)",720,monday#tuesday#wednesday#thusday#friday#saturday,1,spring water,no,burnt within the premises,no,N/A,no,solar unit,no,no,traditional book keeping,none,no,no,no,other shop,rental vehicle
7107,Food & Civil Supplies,Shops,Shi-Yomi,Monigong,Karle,28.740540000000006,94.30282,10,pakka road,0.1,2g unreliable,bsnl,"kacha/temporary(wood,bamboo,etc.,)",720,monday#tuesday#wednesday#thusday#friday#saturday,1,spring water,no,burnt within the premises,no,N/A,no,solar unit,no,no,traditional book keeping,none,no,no,no,other shop,rental vehicle
7167,Food & Civil Supplies,Shops,Lower Subansiri,Ziro,Taring,27.51967,93.82756,1,kacha road,4.0,3g reliable,vodafone#airtel#bsnl,"kacha/temporary(wood,bamboo,etc.,)",660,monday#tuesday#wednesday#thusday#friday#saturday,1,tap water from government,no,burnt within the premises,yes,>7,no,none,no,no,traditional book keeping,none,no,no,no,whole seller,load carriage#rental vehicle#bike#private car
7200,Food & Civil Supplies,Shops,Lower Subansiri,Ziro (Sadar),Hong Niitii,27.55771,93.84831,1,pakka road,4.0,3g reliable,vodafone#airtel#bsnl,"pakka/permenant(steel,concrete,etc.,)",960,monday#tuesday#wednesday#thusday#friday#saturday,1,others,no,none,no,N/A,yes,none,no,no,traditional book keeping,none,no,no,no,whole seller,private car
7208,Food & Civil Supplies,Shops,Lower Subansiri,Ziro,Hong,27.52395,93.8366,1,pakka road with block point,3.0,3g unreliable,vodafone#idea#airtel#bsnl,"pakka/permenant(steel,concrete,etc.,)",360,monday#tuesday#wednesday#thusday#friday#saturday,2,tap water from government,yes,burnt within the premises,no,N/A,yes,none,no,no,traditional book keeping,none,no,no,no,authorized distributor,private car
7209,Food & Civil Supplies,Shops,Lower Subansiri,Ziro,Hong,27.52335,93.83612,1,pakka road with block point,3.0,3g unreliable,vodafone#idea#airtel#bsnl,"pakka/permenant(steel,concrete,etc.,)",360,monday#tuesday#wednesday#thusday#friday#saturday,1,tap water from government,yes,burnt within the premises,no,N/A,yes,none,no,no,traditional book keeping,none,no,no,no,whole seller,private car#rental vehicle#load carriage
7213,Food & Civil Supplies,Shops,Lower Subansiri,Ziro,Hong,27.52325,93.83633,1,kacha road,3.5,3g unreliable,vodafone#idea#airtel#bsnl,"pakka/permenant(steel,concrete,etc.,)",60,monday#tuesday#wednesday#thusday#friday#saturday,2,tap water from government,yes,burnt within the premises,no,N/A,yes,none,no,no,traditional book keeping,none,no,no,no,whole seller,rental vehicle#private car
7214,Food & Civil Supplies,Shops,Lower Subansiri,Ziro,Hong,27.52325,93.83633,1,kacha road,3.5,3g unreliable,vodafone#idea#airtel#bsnl,"pakka/permenant(steel,concrete,etc.,)",60,monday#tuesday#wednesday#thusday#friday#saturday,2,tap water from government,yes,burnt within the premises,no,N/A,yes,none,no,no,traditional book keeping,none,no,no,no,whole seller,rental vehicle#private car
7217,Food & Civil Supplies,Shops,Lower Subansiri,Ziro,Hong,27.52017,93.84085,1,pakka road with block point,4.0,3g unreliable,vodafone#idea#airtel#bsnl,"pakka/permenant(steel,concrete,etc.,)",360,monday#tuesday#wednesday#thusday#friday#saturday,1,tap water from government,yes,burnt within the premises,no,N/A,yes,none,no,no,traditional book keeping,none,no,no,no,whole seller,rental vehicle#private car
7218,Food & Civil Supplies,Shops,Lower Subansiri,Ziro,Hong,27.51984,93.84148,1,kacha road,4.0,3g unreliable,vodafone#idea#airtel#bsnl,"kacha/temporary(wood,bamboo,etc.,)",0,monday#tuesday#wednesday#thusday#friday#saturday,1,tap water from government,yes,burnt within the premises,no,N/A,no,none,no,no,traditional book keeping,none,no,no,no,other shop,rental vehicle#load carriage#bike#private car
7222,Food & Civil Supplies,Shops,Lower Subansiri,Ziro,Hong,27.55798,93.8464,1,kacha road,3.0,3g unreliable,vodafone#idea#airtel#bsnl,"kacha/temporary(wood,bamboo,etc.,)",0,monday#tuesday#wednesday#friday#thusday#saturday,1,tap water from government,yes,burnt within the premises,yes,6,no,none,no,no,traditional book keeping,none,no,no,no,whole seller,load carriage#bike#private car
7238,Food & Civil Supplies,Shops,Papumpare,Doimukh,Soppo,27.21451,93.79614,8,pakka road,1.0,2g unreliable,airtel#bsnl#jio,"pakka/permenant(steel,concrete,etc.,)",660,monday#tuesday#wednesday#thusday#friday#saturday,3,tap water from government,no,burnt within the premises,yes,3,yes,none,no,no,none,none,no,no,no,whole seller,private car
7239,Food & Civil Supplies,Shops,Papumpare,Doimukh,Soppo,27.21401,93.79718,9,pakka road,1.0,2g unreliable,airtel#bsnl#jio,"kacha/temporary(wood,bamboo,etc.,)",600,monday#tuesday#wednesday#thusday#friday#saturday,3,tap water from government,no,burnt within the premises,no,N/A,yes,none,no,no,none,none,no,no,no,whole seller,bike
7257,Food & Civil Supplies,Shops,Lower Subansiri,Ziro,Hong,27.55635,93.84551,1,kacha road,3.5,3g unreliable,vodafone#idea#airtel#bsnl,"kacha/temporary(wood,bamboo,etc.,)",0,monday#tuesday#wednesday#thusday#friday#saturday,1,tap water from government,yes,none,yes,6,no,none,no,no,traditional book keeping,none,no,no,no,whole seller,load carriage#rental vehicle#bike#private car
7259,Food & Civil Supplies,Shops,Lower Subansiri,Ziro,Hong,27.55709,93.84589,1,kacha road,3.5,3g unreliable,vodafone#idea#airtel#bsnl,"kacha/temporary(wood,bamboo,etc.,)",150,monday#tuesday#wednesday#thusday#friday#saturday,1,tap water from government,yes,none,yes,6,no,none,no,no,traditional book keeping,none,no,no,no,whole seller,load carriage#rental vehicle#bike#private car
7261,Food & Civil Supplies,Shops,Lower Subansiri,Ziro,Hong,27.556790000000003,93.84615,1,kacha road,3.0,3g unreliable,vodafone#idea#airtel#bsnl,"kacha/temporary(wood,bamboo,etc.,)",-44,monday#tuesday#wednesday#thusday#friday#saturday,1,tap water from government,yes,burnt within the premises,yes,6,no,none,no,no,traditional book keeping,none,no,no,no,whole seller,load carriage#rental vehicle#bike#private car
7265,Food & Civil Supplies,Shops,Lower Subansiri,Ziro,Hong,27.55803,93.84646,1,kacha road,3.0,3g unreliable,vodafone#idea#airtel#bsnl,"kacha/temporary(wood,bamboo,etc.,)",0,monday#tuesday#wednesday#thusday#friday#saturday,1,tap water from government,yes,burnt within the premises,yes,6,no,none,no,no,traditional book keeping,none,no,no,no,whole seller,load carriage#rental vehicle#bike#private car
7271,Food & Civil Supplies,Shops,Lower Subansiri,Ziro,Hong,27.5579,93.84734,1,kacha road,3.5,3g unreliable,vodafone#airtel#bsnl,"kacha/temporary(wood,bamboo,etc.,)",0,monday#tuesday#wednesday#thusday#friday#saturday,1,tap water from government,yes,burnt within the premises,yes,6,no,none,no,no,traditional book keeping,none,no,no,no,whole seller,load carriage#rental vehicle#bike#private car
7276,Food & Civil Supplies,Shops,Lower Subansiri,Ziro,Hong,27.55746,93.84846,1,kacha road,3.5,3g unreliable,vodafone#airtel#bsnl,"kacha/temporary(wood,bamboo,etc.,)",0,monday#wednesday#tuesday#thusday#friday#saturday,1,tap water from government,yes,burnt within the premises,yes,6,no,none,no,no,traditional book keeping,none,no,no,no,whole seller,load carriage#rental vehicle#bike#private car
7281,Food & Civil Supplies,Shops,Lower Subansiri,Ziro,Kalong,27.595540000000003,93.84019,1,pakka road,1.0,2g reliable,vodafone#airtel#bsnl,"kacha/temporary(wood,bamboo,etc.,)",780,monday#tuesday#wednesday#thusday#friday#saturday,1,ground water,no,burnt within the premises,yes,>7,yes,none,no,no,none,none,no,no,no,other shop,load carriage
839,Food & Civil Supplies,Shops,Changlang,Changlang,Changlang (CT),27.13407,95.74424,6,pakka road with block point,3.0,4g+ reliable,vodafone#airtel#bsnl#jio,"pakka/permenant(steel,concrete,etc.,)",600,monday#tuesday#wednesday#thusday#friday#saturday,1,tap water from government,no,burnt within the premises,no,N/A,yes,none,no,no,traditional book keeping,none,no,no,no,whole seller,rental vehicle#bike#private car
916,Food & Civil Supplies,Shops,Tirap,Khonsa,Kheti,26.96061,95.51107,1,pakka road,0.0,4g+ reliable,airtel#jio,"kacha/temporary(wood,bamboo,etc.,)",660,tuesday#wednesday#monday#thusday#friday#saturday,1,others,no,burnt within the premises,yes,6,yes,none,no,no,others,none,no,no,no,whole seller,rental vehicle
917,Food & Civil Supplies,Shops,Tirap,Khonsa,Kheti,26.97241,95.50534,1,pakka road,0.0,4g+ reliable,airtel#jio,"kacha/temporary(wood,bamboo,etc.,)",660,monday#tuesday#wednesday#thusday#friday#saturday,1,others,no,burnt within the premises,yes,6,yes,solar unit,no,no,others,none,no,no,no,whole seller,rental vehicle
921,Food & Civil Supplies,Shops,Tirap,Khonsa,Kheti,26.97171,95.50564,1,pakka road,0.0,4g+ reliable,airtel#jio,"kacha/temporary(wood,bamboo,etc.,)",660,monday#tuesday#wednesday#thusday#friday#saturday,1,others,no,burnt within the premises,yes,6,yes,none,no,no,others,none,no,no,no,whole seller,rental vehicle
945,Food & Civil Supplies,Shops,Changlang,Changlang,Changlang (CT),27.144340000000003,95.73803,1,kacha road with block point,2.0,4g+ reliable,vodafone#airtel#bsnl#jio,"kacha/temporary(wood,bamboo,etc.,)",780,monday#tuesday#wednesday#thusday#friday#saturday,1,tap water from government,no,burnt within the premises,no,N/A,no,none,no,no,traditional book keeping,none,no,no,no,whole seller,load carriage
952,Food & Civil Supplies,Shops,Tirap,Khonsa,Kheti,26.95896,95.5116,1,pakka road,1.0,4g+ reliable,airtel#jio,"kacha/temporary(wood,bamboo,etc.,)",660,monday#tuesday#wednesday#thusday#friday#saturday,1,others,no,burnt within the premises,yes,6,yes,none,no,no,others,none,no,no,no,whole seller,rental vehicle
953,Food & Civil Supplies,Shops,Tirap,Khonsa,Kheti,26.96036,95.51155,1,pakka road,0.5,4g+ reliable,airtel#jio,"pakka/permenant(steel,concrete,etc.,)",660,monday#tuesday#wednesday#thusday#friday#saturday,1,others,no,burnt within the premises,yes,6,yes,none,no,no,others,none,no,no,no,whole seller,rental vehicle
956,Food & Civil Supplies,Shops,Changlang,Changlang,Changlang (CT),27.13578,95.72547,2,pakka road with block point,0.3,4g+ reliable,vodafone#airtel#bsnl#jio,"kacha/temporary(wood,bamboo,etc.,)",420,monday#tuesday#wednesday#thusday#friday#saturday,1,tap water from government,no,burnt within the premises,no,N/A,no,none,no,no,none,none,no,no,no,whole seller,bike
984,Food & Civil Supplies,Shops,Changlang,Changlang,Changlang (CT),27.13745,95.72607,2,pakka road with block point,0.1,4g+ reliable,vodafone#airtel#bsnl#jio,"pakka/permenant(steel,concrete,etc.,)",420,monday#tuesday#wednesday#thusday,1,bottled water,no,discarded in open field,no,N/A,yes,none,no,no,none,none,no,no,no,whole seller,bike
994,Food & Civil Supplies,Shops,Tirap,Khonsa,Khonsa I,27.00266,95.50596,1,pakka road,0.0,4g+ reliable,vodafone#airtel#bsnl#jio,"pakka/permenant(steel,concrete,etc.,)",720,monday#tuesday#wednesday#thusday#friday#saturday,1,bottled water,no,discarded in open field,no,N/A,yes,solar unit,no,no,traditional book keeping,none,no,no,no,whole seller,bike
1001,Food & Civil Supplies,Shops,West Kameng,Singchung,Singchung,27.19582,92.47316,9,pakka road,1.0,4g+ reliable,vodafone#airtel#bsnl,"pakka/permenant(steel,concrete,etc.,)",780,monday#tuesday#wednesday#thusday#friday#saturday,2,tap water from government,yes,burnt within the premises,yes,7,no,none,no,no,none,none,no,no,no,whole seller,private car
1038,Food & Civil Supplies,Shops,Changlang,Changlang,Changlang (CT),27.12745,95.70639,1,kacha road,6.0,3g reliable,vodafone#airtel#bsnl#jio,"kacha/temporary(wood,bamboo,etc.,)",660,monday#tuesday#wednesday#thusday#friday#saturday,1,tap water from government,no,burnt within the premises,no,N/A,yes,none,no,no,traditional book keeping,none,no,no,no,whole seller,rental vehicle#bike#private car
1088,Food & Civil Supplies,Shops,Tirap,Khonsa,Kheti,26.97118,95.50565,1,pakka road,0.0,4g+ reliable,airtel#jio,"kacha/temporary(wood,bamboo,etc.,)",0,saturday#friday#thusday#wednesday#tuesday#monday,0,bottled water,no,burnt within the premises,yes,1,no,none,no,no,none,none,no,no,no,whole seller,private car
1138,Food & Civil Supplies,Shops,Lower Subansiri,Yachuli,Yoglo,27.51493,93.70299,1,kacha road,0.1,2g unreliable,airtel,"kacha/temporary(wood,bamboo,etc.,)",0,monday#tuesday#wednesday#thusday#friday#saturday,1,tap water from government,no,burnt within the premises,no,N/A,yes,none,no,no,none,none,no,no,no,whole seller,private car
1140,Food & Civil Supplies,Shops,Lower Subansiri,Yachuli,Yoglo,27.51544,93.70277,3,kacha road,0.1,2g unreliable,airtel,"kacha/temporary(wood,bamboo,etc.,)",0,monday#tuesday#wednesday#thusday#friday#saturday,2,tap water from government,no,burnt within the premises,yes,2,yes,solar unit,no,no,none,none,no,no,no,whole seller,private car
1174,Food & Civil Supplies,Shops,Tirap,Khonsa,Kaimoi,27.03953,95.4988,10,kacha road,3.0,4g+ reliable,airtel#bsnl#jio,"pakka/permenant(steel,concrete,etc.,)",660,monday#tuesday#wednesday#thusday#friday#saturday,1,tap water from government,no,burnt within the premises,no,N/A,yes,none,no,no,traditional book keeping,none,no,no,no,whole seller,rental vehicle
1183,Food & Civil Supplies,Shops,Tirap,Khonsa,Kaimoi,27.03954,95.49915,10,kacha road,3.0,4g+ reliable,airtel#bsnl#jio,"pakka/permenant(steel,concrete,etc.,)",600,monday#tuesday#wednesday#thusday#friday#saturday,1,tap water from government,no,burnt within the premises,no,N/A,yes,none,no,no,traditional book keeping,none,no,no,no,whole seller,rental vehicle
1252,Food & Civil Supplies,Shops,West Kameng,Singchung,Singchung,27.19565,92.47289,9,pakka road,1.0,4g+ reliable,bsnl#vodafone#airtel,"pakka/permenant(steel,concrete,etc.,)",720,monday#tuesday#wednesday#thusday#friday#saturday,1,others,no,burnt within the premises,yes,7,yes,none,no,no,traditional book keeping,none,no,no,no,whole seller,private car
1259,Food & Civil Supplies,Shops,Tirap,Khonsa,Kaimoi,27.03832,95.49491,5,pakka road,3.0,4g+ reliable,airtel#bsnl#jio,"kacha/temporary(wood,bamboo,etc.,)",480,monday#tuesday#wednesday#thusday#friday#saturday,1,others,no,burnt within the premises,no,N/A,yes,none,no,no,traditional book keeping,none,no,no,no,whole seller,rental vehicle
1261,Food & Civil Supplies,Shops,Tirap,Khonsa,Kaimoi,27.038,95.49645,10,pakka road,3.0,4g+ reliable,airtel#bsnl#jio,"pakka/permenant(steel,concrete,etc.,)",540,monday#tuesday#wednesday#thusday#friday#saturday,2,others,no,burnt within the premises,no,N/A,yes,none,no,no,traditional book keeping,none,no,no,no,whole seller,rental vehicle
1262,Food & Civil Supplies,Shops,Tirap,Khonsa,Kaimoi,27.036790000000003,95.49631,5,pakka road,3.0,4g+ reliable,airtel#bsnl#jio,"kacha/temporary(wood,bamboo,etc.,)",420,monday#tuesday#wednesday#thusday#friday#saturday,1,others,no,burnt within the premises,no,N/A,yes,none,no,no,traditional book keeping,none,no,no,no,whole seller,rental vehicle
1263,Food & Civil Supplies,Shops,Tirap,Khonsa,Kaimoi,27.035740000000004,95.49527,5,pakka road,3.0,4g+ reliable,airtel#bsnl#jio,"kacha/temporary(wood,bamboo,etc.,)",360,monday#tuesday#wednesday#thusday#friday#saturday,1,others,no,burnt within the premises,no,N/A,no,none,no,no,traditional book keeping,none,no,no,no,whole seller,rental vehicle
1296,Food & Civil Supplies,Shops,West Kameng,Shergaon,Shergaon,27.12501,92.2589,1,pakka road,24.0,4g unreliable,airtel#bsnl,"pakka/permenant(steel,concrete,etc.,)",600,monday#tuesday#wednesday#thusday#friday#saturday,1,tap water from government,yes,burnt within the premises,yes,2,yes,none,no,no,traditional book keeping,none,no,no,no,whole seller,rental vehicle
1297,Food & Civil Supplies,Shops,West Kameng,Shergaon,Shergaon,27.12463,92.25878,1,pakka road,24.0,4g unreliable,airtel#bsnl,"pakka/permenant(steel,concrete,etc.,)",750,monday#tuesday#wednesday#thusday#friday#saturday,1,tap water from government,yes,burnt within the premises,yes,2,yes,others,no,no,traditional book keeping,none,no,no,no,whole seller,rental vehicle#others
1298,Food & Civil Supplies,Shops,West Kameng,Shergaon,Shergaon,27.1309,92.26131,1,pakka road,24.0,4g unreliable,airtel#bsnl,"kacha/temporary(wood,bamboo,etc.,)",690,monday#tuesday#wednesday#friday#thusday#saturday,1,tap water from government,no,burnt within the premises,yes,2,yes,none,no,no,traditional book keeping,none,no,no,no,whole seller,others#rental vehicle
1299,Food & Civil Supplies,Shops,West Kameng,Shergaon,Shergaon,27.13217,92.21833,1,pakka road,24.0,4g unreliable,airtel#bsnl,"pakka/permenant(steel,concrete,etc.,)",600,monday#tuesday#friday#saturday#thusday#wednesday,1,tap water from government,no,burnt within the premises,yes,2,yes,others,no,no,traditional book keeping,none,no,no,no,whole seller,private car#others
1300,Food & Civil Supplies,Shops,West Kameng,Shergaon,Shergaon,27.12886,92.26027,1,pakka road,24.0,4g unreliable,airtel#vodafone,"pakka/permenant(steel,concrete,etc.,)",600,monday#tuesday#wednesday#thusday#friday#saturday,3,tap water from government,no,burnt within the premises,yes,2,yes,none,no,no,traditional book keeping,none,no,no,no,whole seller,private car#others
1301,Food & Civil Supplies,Shops,West Kameng,Shergaon,Shergaon,27.1289,92.26044,1,pakka road,24.0,4g unreliable,airtel#bsnl,"pakka/permenant(steel,concrete,etc.,)",840,monday#tuesday#wednesday#thusday#saturday#friday,1,tap water from government,no,burnt within the premises,yes,3,yes,none,no,no,traditional book keeping,none,no,no,no,whole seller,private car#others
1302,Food & Civil Supplies,Shops,West Kameng,Shergaon,Shergaon,27.127990000000004,92.26004,1,pakka road,24.0,4g unreliable,airtel#bsnl,"pakka/permenant(steel,concrete,etc.,)",570,monday#tuesday#wednesday#thusday#friday#saturday,3,tap water from government,no,burnt within the premises,yes,4,yes,none,no,no,traditional book keeping,none,no,no,no,whole seller,private car#rental vehicle
1303,Food & Civil Supplies,Shops,West Kameng,Shergaon,Shergaon,27.12865,92.26027,1,pakka road,24.0,4g unreliable,airtel#bsnl,"pakka/permenant(steel,concrete,etc.,)",570,monday#tuesday#wednesday#thusday#friday#saturday,1,tap water from government,no,burnt within the premises,yes,5,yes,none,no,no,traditional book keeping,none,no,no,no,whole seller,private car#others
1672,Food & Civil Supplies,Shops,Changlang,Changlang,Changlang (CT),27.1431,95.73961,1,pakka road with block point,2.0,4g+ reliable,vodafone#airtel#bsnl#jio,"kacha/temporary(wood,bamboo,etc.,)",720,wednesday#tuesday#monday#thusday#friday#saturday,1,tap water from government,yes,burnt within the premises,yes,2,no,none,no,no,traditional book keeping,none,no,no,no,whole seller,bike#private car
1692,Food & Civil Supplies,Shops,Tirap,Khonsa,Khonsa I,26.99952,95.50776,1,pakka road,0.0,4g+ reliable,vodafone#airtel#bsnl#jio,"pakka/permenant(steel,concrete,etc.,)",660,monday#tuesday#wednesday#thusday#friday#saturday,2,others,no,discarded in open field,yes,1,yes,others,no,no,traditional book keeping,none,no,no,no,whole seller,private car
1693,Food & Civil Supplies,Shops,Tirap,Khonsa,Khonsa I,26.99975,95.508,1,pakka road,0.0,4g+ reliable,vodafone#airtel#bsnl#jio,"pakka/permenant(steel,concrete,etc.,)",720,monday#tuesday#wednesday#thusday#friday#saturday,2,others,no,discarded in open field,yes,1,yes,others,no,no,traditional book keeping,none,no,no,no,whole seller,rental vehicle#others
2253,Food & Civil Supplies,Shops,Tirap,Khonsa,Lapnan,26.98924,95.48523,10,pakka road,1.5,3g unreliable,airtel#bsnl,"pakka/permenant(steel,concrete,etc.,)",780,monday#tuesday#wednesday#thusday#friday#saturday,1,others,no,none,no,N/A,yes,none,no,no,traditional book keeping,none,no,no,no,whole seller,rental vehicle
2256,Food & Civil Supplies,Shops,Tirap,Khonsa,Lapnan,26.99048,95.48162,10,pakka road,1.5,3g unreliable,airtel#bsnl#jio,"pakka/permenant(steel,concrete,etc.,)",780,monday#tuesday#wednesday#thusday#friday#saturday,1,others,no,none,no,N/A,yes,none,no,no,traditional book keeping,none,no,no,no,whole seller,bike#private car
2354,Food & Civil Supplies,Shops,Tirap,Khonsa,Khonsa I,26.99956,95.50633,1,pakka road,0.0,4g+ reliable,vodafone#airtel#bsnl#jio,"kacha/temporary(wood,bamboo,etc.,)",600,monday#tuesday#wednesday#thusday#friday#saturday,1,others,no,discarded in open field,yes,1,yes,diesel generator,no,no,traditional book keeping,none,no,yes,no,whole seller,others
2355,Food & Civil Supplies,Shops,Tirap,Khonsa,Khonsa I,26.99985,95.50662,1,pakka road,0.0,4g+ reliable,vodafone#airtel#bsnl#jio,"pakka/permenant(steel,concrete,etc.,)",600,monday#wednesday#tuesday#thusday#friday#saturday,3,others,no,discarded in open field,yes,1,yes,none,no,no,traditional book keeping,none,no,no,no,whole seller,load carriage
2356,Food & Civil Supplies,Shops,Tirap,Khonsa,Khonsa I,26.999990000000004,95.50657,1,pakka road,0.0,4g+ reliable,vodafone#airtel#bsnl#jio,"pakka/permenant(steel,concrete,etc.,)",600,monday#tuesday#wednesday#thusday#friday#saturday,2,others,no,discarded in open field,yes,1,yes,solar unit,no,no,traditional book keeping,none,no,no,no,whole seller,load carriage
2463,Food & Civil Supplies,Shops,Tirap,Khonsa,Kaimoi,27.03954,95.49915,10,kacha road,3.0,4g+ reliable,airtel#bsnl#jio,"pakka/permenant(steel,concrete,etc.,)",600,monday#tuesday#wednesday#thusday#friday#saturday,1,tap water from government,no,burnt within the premises,no,N/A,yes,none,no,no,traditional book keeping,none,no,no,no,whole seller,rental vehicle
2920,Food & Civil Supplies,Shops,West Kameng,Shergaon,Shergaon,27.12321,92.26336,1,pakka road,24.0,4g unreliable,bsnl#airtel,"pakka/permenant(steel,concrete,etc.,)",570,monday#tuesday#wednesday#thusday#friday#saturday,3,tap water from government,no,burnt within the premises,yes,3,yes,none,no,no,traditional book keeping,none,no,no,no,whole seller,private car#others
